,sector,industry,market_cap,country,full_name,pe_ratio,forward_pe,peg_ratio,price_to_book,price_to_sales,enterprise_value,ev_to_ebitda,dividend_yield,dividend_rate,payout_ratio,five_year_avg_dividend_yield,profit_margins,operating_margins,gross_margins,roe,roa,revenue_growth,earnings_growth,earnings_quarterly_growth,beta,52week_high,52week_low,52week_change,current_ratio,quick_ratio,debt_to_equity,total_debt,total_cash,recommendation,recommendation_mean,target_mean_price,target_high_price,target_low_price,number_of_analysts,employees,exchange,quote_type
NVDA,Technology,Semiconductors,4432980344832,United States,NVIDIA Corporation,51.725853,44.192963,,44.268173,26.831099,4334611070976.0,44.104,0.02,0.04,0.0114,0.06,0.52414,0.60842997,0.69847,1.09417,0.53094,0.556,0.612,0.592,2.123,195.62,86.62,0.28395414,4.214,3.488,10.584,10597999616.0,56790999040.0,strong_buy,1.34375,218.51369,320.0,100.0,57.0,36000.0,NMS,EQUITY
MSFT,Technology,Software - Infrastructure,3881706717184,United States,Microsoft Corporation,38.28592,34.931103,,11.3024845,13.778403,3886879342592.0,24.832,0.7,3.64,0.2375,0.81,0.36146,0.44901,0.68824,0.33280998,0.14203,0.181,0.237,0.236,1.023,555.45,344.79,0.22557855,1.353,1.223,32.661,112184000512.0,94564999168.0,strong_buy,1.25862,621.2663,710.0,483.0,51.0,228000.0,NMS,EQUITY
AAPL,Technology,Consumer Electronics,3853900840960,United States,Apple Inc.,39.406677,31.2503,,58.607536,9.431388,3881824681984.0,27.395,0.4,1.04,0.1533,0.54,0.24295999,0.29990998,0.46678,1.49814,0.24545999,0.096,0.121,0.093,1.094,265.29,169.21,0.12091768,0.868,0.724,154.486,101698002944.0,55372001280.0,buy,2.04167,252.34805,315.0,175.0,41.0,150000.0,NMS,EQUITY
AMZN,Consumer Cyclical,Internet Retail,2348010438656,United States,"Amazon.com, Inc.",33.56131,35.798733,,7.031465,3.5042942,2390807543808.0,17.864,,,0.0,,0.105399996,0.11432,0.49607,0.2477,0.07699,0.133,0.333,0.347,1.281,242.52,161.38,0.16938508,1.024,0.768,47.808,159570001920.0,93180002304.0,strong_buy,1.27941,266.5645,306.0,230.0,62.0,1546000.0,NMS,EQUITY
META,Communication Services,Internet Content & Information,1851549024256,United States,"Meta Platforms, Inc.",26.723717,29.13202,,9.50627,10.355188,1844918616064.0,19.569,0.29,2.1,0.0744,,0.39992002,0.43019,0.81966,0.40647998,0.18465,0.216,0.384,0.362,1.203,796.25,479.8,0.29171515,1.973,1.706,25.406,49559998464.0,47070998528.0,strong_buy,1.41176,866.8537,1086.0,616.0,62.0,75945.0,NMS,EQUITY
AVGO,Technology,Semiconductors,1626547814400,United States,Broadcom Inc.,88.09079,55.824146,,5.8160954,27.142607,169242296320.0,5.168,0.69,2.36,0.5897,2.19,0.31592,0.31765,0.77185,0.27083,0.08895001,0.164,1.881,1.727,1.208,374.23,138.1,0.9859936,1.497,1.279,166.032,40456998912.0,11105000448.0,strong_buy,1.28261,390.7963,460.0,273.4,41.0,37000.0,NMS,EQUITY
GOOGL,Communication Services,Internet Content & Information,3074540961792,United States,Alphabet Inc.,27.033012,28.330357,,8.466131,8.276965,2990458798080.0,21.233,0.33,0.84,0.0864,,0.31118,0.32429,0.58943003,0.34829,0.16792,0.138,0.223,0.194,1.0,257.33,140.53,0.5467675,1.904,1.72,11.481,41668001792.0,95147999232.0,buy,1.52239,255.0526,340.0,185.0,54.0,187103.0,NMS,EQUITY
GOOG,Communication Services,Internet Content & Information,3075782475776,United States,Alphabet Inc.,27.192102,28.468157,,8.497815,8.281612,3000617926656.0,21.305,0.33,0.84,0.0864,,0.31118,0.32429,0.58943003,0.34829,0.16792,0.138,0.223,0.194,1.0,257.88,142.66,0.5348569,1.904,1.72,11.481,41668001792.0,95147999232.0,buy,1.51471,249.86472,300.0,185.0,17.0,187103.0,NMS,EQUITY
TSLA,Consumer Cyclical,Auto Manufacturers,1485976764416,United States,"Tesla, Inc.",267.59882,137.92902,,19.711098,16.036896,1392985243648.0,121.764,,,0.0,,0.063439995,0.04103,0.1748,0.08177,0.0296,-0.118,-0.175,-0.163,2.086,488.54,214.25,0.6852349,2.037,1.359,16.823,13134000128.0,36781998080.0,hold,2.55319,375.6928,600.0,120.0,39.0,125665.0,NMS,EQUITY
BRK-B,Financial Services,Insurance - Diversified,1057113571328,United States,Berkshire Hathaway Inc.,16.81207,24.414343,,0.0010558512,2.8558981,-214076669952.0,-2.18,,,0.0,,0.16997999,0.22427,0.22995001,0.099139996,0.04681,-0.012,-0.593,-0.592,0.77,542.07,437.9,0.07436049,3.002,2.801,18.95,127019999232.0,344091000832.0,buy,2.0,519.6667,593.0,479.0,3.0,392400.0,NYQ,EQUITY
WMT,Consumer Defensive,Discount Stores,844564135936,United States,Walmart Inc.,39.973583,38.94485,,9.375166,1.2184383,918086287360.0,21.411,0.88,0.94,0.33400002,1.36,0.03079,0.04389,0.2491,0.23375,0.06994,0.048,0.573,0.561,0.671,109.58,79.81,0.29022157,0.792,0.193,68.719,66559000576.0,9431000064.0,strong_buy,1.34884,113.15,129.0,64.0,40.0,2100000.0,NYQ,EQUITY
JPM,Financial Services,Banks - Diversified,803770466304,United States,JPMorgan Chase & Co.,14.631566,17.638292,,2.3628762,4.809368,277405237248.0,,2.04,6.0,0.2749,2.5,0.34721002,0.43708,0.0,0.16437,0.01323,0.088,0.16,0.116,1.127,318.01,202.16,0.30727172,,,,1138762055680.0,1682027970560.0,buy,2.28,326.43478,370.0,250.0,23.0,318153.0,NYQ,EQUITY
ORCL,Technology,Software - Infrastructure,800787660800,United States,Oracle Corporation,65.17401,39.231842,,33.039284,13.568533,875950768128.0,35.807,0.73,2.0,0.41669998,1.33,0.21079999,0.31381,0.69662005,0.69241995,0.07152,0.122,-0.019,-0.001,1.531,345.72,118.86,0.5635967,0.618,0.498,452.534,111621996544.0,11004999680.0,buy,1.7907,345.48428,430.0,175.14314,38.0,162000.0,NYQ,EQUITY
LLY,Healthcare,Drug Manufacturers - General,734812176384,United States,Eli Lilly and Company,53.679436,36.173214,,40.22994,13.797191,765858545664.0,30.912,0.74,6.0,0.366,1.04,0.25911,0.45805,0.82638,0.86291003,0.16553,0.376,0.918,0.908,0.461,935.63,623.78,-0.0885092,1.278,0.512,217.891,39980998656.0,3545999872.0,buy,1.75862,898.0378,1190.0,650.0,27.0,47000.0,NYQ,EQUITY
V,Financial Services,Credit Services,670134501376,United States,Visa Inc.,33.651318,27.271921,,17.630726,17.23021,672261668864.0,24.682,0.68,2.36,0.2236,0.67,0.52158,0.66772,0.97780997,0.51755,0.17049,0.143,0.121,0.082,0.897,375.51,280.78,0.21940541,1.115,0.781,65.017,25137999872.0,19179999232.0,buy,1.625,392.5935,450.0,305.0,37.0,,NYQ,EQUITY
MA,Financial Services,Credit Services,518658686976,United States,Mastercard Incorporated,38.609016,35.026253,,66.18943,17.150845,526140211200.0,28.026,0.53,3.04,0.1915,0.52,0.44926,0.59916,1.0,1.7694701,0.23677999,0.168,0.163,0.136,0.967,601.77,465.59,0.11895347,1.163,0.712,240.919,18969999360.0,9367000064.0,buy,1.68421,650.9771,768.0,520.0,35.0,35300.0,NYQ,EQUITY
XOM,Energy,Oil & Gas Integrated,494909292544,United States,Exxon Mobil Corporation,16.489689,14.750623,,1.8846887,1.5005617,521043050496.0,8.352,3.45,3.96,0.5568,4.32,0.09404001,0.11729,0.3102,0.118310004,0.05277,-0.123,-0.236,-0.234,0.484,123.21,97.8,-0.040806115,1.249,0.824,14.442,38989000704.0,14352000000.0,buy,2.25,126.51077,156.0,105.0,26.0,61000.0,NYQ,EQUITY
NFLX,Communication Services,Entertainment,472879267840,United States,"Netflix, Inc.",46.582253,46.797726,,18.199585,10.901164,482181414912.0,37.178,,,0.0,,0.24047,0.28219998,0.48084998,0.42861,0.14739999,0.172,0.087,0.078,,1341.15,746.25,0.47951758,1.332,0.958,68.032,17656967168.0,9324392448.0,buy,1.89796,1341.6187,1600.0,770.0,44.0,14000.0,NMS,EQUITY
JNJ,Healthcare,Drug Manufacturers - General,462930903040,United States,Johnson & Johnson,18.589941,18.133963,,5.895415,5.0237217,500455079936.0,15.408,2.7,5.2,0.49080002,2.8,0.27259,0.29674998,0.68421996,0.338,,0.068,0.911,0.912,0.392,194.48,140.68,0.17883551,,,64.686,50760998912.0,18880000000.0,buy,2.16667,198.46826,225.0,155.0,23.0,138100.0,NYQ,EQUITY
PLTR,Technology,Software - Infrastructure,430319468544,United States,Palantir Technologies Inc.,604.63367,385.9364,,72.556046,125.071526,410656440320.0,686.954,,,0.0,,0.22185,0.26833,0.8003,0.15203,0.05669,0.48,1.167,1.436,2.595,190.0,40.9,3.028696,6.324,6.193,3.947,237812000.0,6000421888.0,hold,2.96,154.19772,215.0,45.0,22.0,4164.0,NMS,EQUITY
COST,Consumer Defensive,Discount Stores,415948013568,United States,Costco Wholesale Corporation,51.484093,47.690804,,14.264188,1.5112467,413313499136.0,32.267,0.55,5.2,0.2702,0.62,0.02943,0.03878,0.12843001,0.30686,0.08833,0.081,0.11,0.109,0.964,1078.23,867.34,0.057375073,1.034,0.498,34.066,9934999552.0,15283999744.0,buy,1.94595,1062.129,1218.0,620.0,31.0,341000.0,NMS,EQUITY
ABBV,Healthcare,Drug Manufacturers - General,404824489984,United States,AbbVie Inc.,109.12382,18.892004,,-2203.4614,6.940483,468139540480.0,16.675,2.87,6.56,3.0381,3.82,0.06451,0.37522,0.71245,1.1285399,0.088690005,0.066,-0.324,-0.315,0.507,244.81,163.81,0.20580018,0.736,0.48,,70584999936.0,6466999808.0,buy,1.92857,237.48334,284.0,184.0,27.0,55000.0,NYQ,EQUITY
HD,Consumer Cyclical,Home Improvement Retail,382218502144,United States,"The Home Depot, Inc.",26.121769,24.614742,,35.823303,2.315718,833467056128.0,32.553,2.37,9.2,0.6186,2.3,0.08863,0.14478,0.33348,1.9395399,0.13713999,0.049,-0.004,-0.002,1.001,439.37,326.31,-0.03404689,1.147,0.281,580.591,61920002048.0,2804000000.0,buy,1.78378,438.84848,497.0,335.0,33.0,470000.0,NYQ,EQUITY
BAC,Financial Services,Banks - Diversified,378637942784,United States,Bank of America Corporation,14.114754,14.114754,,1.361229,3.7324455,190754455552.0,,2.19,1.12,0.28959998,2.37,0.29224002,0.35292998,0.0,0.09871,0.00881,0.126,0.309,0.228,1.334,52.88,33.07,0.19812429,,,,747929010176.0,957699981312.0,buy,1.64,57.85417,67.0,46.0,24.0,213384.0,NYQ,EQUITY
AMD,Technology,Semiconductors,378755481600,United States,"Advanced Micro Devices, Inc.",138.92262,45.762745,,6.3447056,12.79349,371646300160.0,67.449,,,0.0,,0.095740005,-0.01275,0.50986,0.04699,0.0219,0.317,2.336,2.291,1.894,242.88,76.48,0.5004562,2.491,1.174,6.513,3886000128.0,5866999808.0,buy,1.63462,239.10533,310.0,125.1,45.0,28000.0,NMS,EQUITY
PG,Consumer Defensive,Household & Personal Products,355554820096,United States,The Procter & Gamble Company,23.335636,20.473719,,6.9440503,4.218533,384527925248.0,15.724,2.78,4.23,0.62619996,2.41,0.18952999,0.25147,0.51338,0.31242,0.10909,0.017,0.165,0.152,0.364,180.43,146.97,-0.102700174,0.704,0.437,69.861,36525998080.0,9555999744.0,buy,2.04167,168.63635,186.0,147.0,22.0,109000.0,NYQ,EQUITY
UNH,Healthcare,Healthcare Plans,326857588736,United States,UnitedHealth Group Incorporated,15.623376,12.070234,,3.4480782,0.7730456,384624951296.0,11.455,2.45,8.84,0.3684,1.47,0.05037,0.04614,0.20842,0.21653,0.06464,0.129,-0.176,-0.192,0.478,630.73,234.6,-0.3554145,0.846,0.765,75.577,79192997888.0,32020000768.0,buy,1.92593,360.84,440.0,198.0,25.0,400000.0,NYQ,EQUITY
GE,Industrials,Aerospace & Defense,323794534400,United States,GE Aerospace,43.62,58.270996,,17.12123,7.367339,323239510016.0,28.697,0.48,1.44,0.2225,0.38,0.18344,0.20598,0.32459998,0.42131,0.049289998,0.238,0.193,0.165,1.493,316.53,159.36,0.6573384,1.077,0.717,115.246,21920999424.0,13109000192.0,strong_buy,1.375,333.42856,374.0,275.0,14.0,53000.0,NYQ,EQUITY
CVX,Energy,Oil & Gas Integrated,316951691264,United States,Chevron Corporation,20.271906,14.249094,,1.8565376,1.674645,295065452544.0,8.059,4.4,6.84,0.8597,4.26,0.07247,0.09441,0.39169997,0.08963,0.04756,-0.107,-0.404,-0.438,0.813,168.96,132.04,0.034031272,0.996,0.62,20.01,29467000832.0,4065999872.0,buy,2.14815,170.072,197.0,124.0,25.0,45298.0,NYQ,EQUITY
KO,Consumer Defensive,Beverages - Non-Alcoholic,300537315328,United States,The Coca-Cola Company,23.132418,23.521852,,9.618601,6.3054633,338279628800.0,20.838,2.88,2.04,0.6672,2.95,0.2734,0.32228002,0.61632997,0.42442,0.08916,0.051,0.301,0.298,0.424,74.38,60.62,0.05215454,1.211,0.877,142.532,47416000512.0,15781000192.0,buy,1.56,78.83478,85.0,72.0,23.0,69700.0,NYQ,EQUITY
CSCO,Technology,Communication Equipment,279075946496,United States,"Cisco Systems, Inc.",27.684315,18.101282,,5.96796,4.9259706,292302880768.0,19.008,2.32,1.64,0.6353,2.95,0.17969,0.21277,0.64938,0.22059,0.06342,0.076,0.186,0.179,0.966,72.55,52.11,0.26268768,0.998,0.802,63.282,29642999808.0,16673000448.0,buy,2.11538,76.29095,87.0,61.0,21.0,86200.0,NMS,EQUITY
IBM,Technology,Information Technology Services,265122004992,United States,International Business Machines Corporation,33.88244,26.824928,,9.654427,4.1399436,320172097536.0,22.574,2.34,6.72,0.7986,4.27,0.091079995,0.18319,0.5757,0.22665001,0.048130002,0.077,0.177,0.196,0.724,301.04,203.51,0.31649804,0.908,0.76,245.465,67719000064.0,15447000064.0,buy,2.5,285.03778,350.0,198.0,18.0,270300.0,NYQ,EQUITY
WFC,Financial Services,Banks - Diversified,264983035904,United States,Wells Fargo & Company,13.863262,15.327869,,1.6104031,3.3511612,194390802432.0,,2.15,1.8,0.2718,2.32,0.26629,0.33288,0.0,0.115200005,0.01064,0.075,0.169,0.093,1.24,87.47,58.42,0.28198075,,,,419946987520.0,508155002880.0,buy,2.03846,92.89583,100.0,79.0,24.0,210821.0,NYQ,EQUITY
MS,Financial Services,Capital Markets,252873555968,United States,Morgan Stanley,16.284836,20.042875,,2.5807395,3.689861,178596921344.0,,2.53,4.0,0.3872,2.96,0.23606001,0.38872,0.86797,,,0.191,0.489,0.446,1.324,166.77,94.33,0.32684398,,,438.541,479193989120.0,563002015744.0,buy,2.48,167.35,186.0,125.0,20.0,82398.0,NYQ,EQUITY
PM,Consumer Defensive,Tobacco,246143467520,United States,Philip Morris International Inc.,22.557775,21.962502,,-22.557775,6.1548176,292206018560.0,17.36,3.75,5.88,0.78760004,4.9,0.21574,0.43283,0.66916,,0.1389,0.094,0.131,0.128,0.479,186.69,116.12,0.18117476,0.848,0.151,,50082000896.0,4036999936.0,buy,1.72222,186.6875,220.0,153.0,16.0,83100.0,NYQ,EQUITY
TMUS,Communication Services,Telecom Services,245960327168,United States,"T-Mobile US, Inc.",20.617924,20.482662,,4.032362,2.9262877,364342280192.0,11.361,1.79,4.08,0.3107,,0.14533,0.24669,0.63676,0.19743,0.05765,0.069,0.141,0.102,0.583,276.49,208.39,-0.0263744,1.211,0.893,194.218,118681001984.0,10259000320.0,buy,2.0,276.23077,309.0,200.0,26.0,70000.0,NMS,EQUITY
AXP,Financial Services,Credit Services,244139360256,United States,American Express Company,23.802216,23.440145,,7.5328913,3.739078,248982781952.0,,0.9,3.16,0.15720001,1.16,0.16143999,0.22052999,0.64135003,0.33935001,0.03708,0.122,0.186,0.158,1.294,357.73,220.43,0.30380023,1.602,1.579,185.273,60060000256.0,53553000448.0,hold,2.58621,345.66125,400.0,265.0,24.0,75100.0,NYQ,EQUITY
CRM,Technology,Software - Application,242679070720,United States,"Salesforce, Inc.",37.051598,22.903414,,3.9695253,6.1434627,240758276096.0,21.082,0.65,1.66,0.23719999,,0.16868,0.22820999,0.77649003,0.11201999,0.055209998,0.098,0.333,0.32,1.195,369.0,226.48,-0.10503554,1.124,0.931,19.255,11809000448.0,15372000256.0,buy,1.63636,331.8147,430.0,221.0,51.0,76453.0,NYQ,EQUITY
CAT,Industrials,Farm & Heavy Construction Machinery,242175492096,United States,Caterpillar Inc.,26.334183,23.33815,,12.977682,3.8355927,277078016000.0,19.781,1.18,6.04,0.2872,1.88,0.14946,0.17738001,0.3103,0.52711,0.08555,-0.007,-0.157,-0.187,1.465,544.99,267.3,0.32772696,1.338,0.731,218.336,40747999232.0,4428000256.0,buy,2.15385,498.47913,650.0,350.0,23.0,112900.0,NYQ,EQUITY
RTX,Industrials,Aerospace & Defense,240494264320,United States,RTX Corporation,36.756145,29.35679,,3.7277884,2.7968352,275252576256.0,19.051,1.53,2.72,0.538,2.32,0.07666,0.12345,0.20127001,0.10702,0.03782,0.119,0.294,0.303,0.648,179.98,112.27,0.42190623,1.073,0.665,61.315,40709001216.0,5966000128.0,buy,1.89474,187.94444,215.0,150.0,18.0,186000.0,NYQ,EQUITY
GS,Financial Services,Capital Markets,232436858880,United States,"The Goldman Sachs Group, Inc.",15.292768,18.111404,,2.1896765,4.053872,78828322816.0,,2.15,16.0,0.2641,2.22,0.29073998,0.36321998,0.82997,0.13573,0.009430001,0.207,0.451,0.371,1.415,825.25,439.38,0.4196378,2.649,2.063,524.194,650000007168.0,822000025600.0,hold,2.58333,801.579,898.0,630.0,19.0,48300.0,NYQ,EQUITY
MU,Technology,Semiconductors,229589204992,United States,"Micron Technology, Inc.",26.984169,15.892774,,4.236975,6.142362,227820830720.0,12.594,0.23,0.46,0.060599998,0.33,0.22845,0.32638,0.39791,0.17198999,0.08055,0.46,2.569,2.609,1.567,214.75,61.54,0.8574637,2.518,1.709,28.343,15352000512.0,10307000320.0,buy,1.5641,204.72221,270.0,107.0,36.0,53000.0,NMS,EQUITY
ABT,Healthcare,Medical Devices,219933097984,United States,Abbott Laboratories,15.875,24.489342,,4.349465,5.016379,229143724032.0,19.715,1.84,2.36,0.2915,1.7,0.3188,0.19105,0.56141,,,0.069,-0.0,-0.001,0.696,141.23,110.86,0.09790635,,,26.501,13470000128.0,7281999872.0,buy,1.75862,144.46616,162.0,122.0,26.0,114000.0,NYQ,EQUITY
MCD,Consumer Cyclical,Restaurants,219576090624,United States,McDonald's Corporation,26.389366,24.40127,,-79.550156,8.425791,275308871680.0,19.429,2.28,7.08,0.5981,2.21,0.32206002,0.47669,0.56992,,0.13256,0.054,0.121,0.114,0.504,326.32,276.53,0.028284311,1.303,1.03,,55892000768.0,1879000064.0,buy,2.25,331.10345,375.0,250.0,29.0,150000.0,NYQ,EQUITY
MRK,Healthcare,Drug Manufacturers - General,217831686144,United States,"Merck & Co., Inc.",13.437596,9.277659,,4.4556274,3.424165,245677785088.0,8.672,3.7,3.24,0.49310002,3.04,0.25789,0.37473,0.77411,0.35421002,0.13007,-0.019,-0.178,-0.188,0.373,106.62,73.31,-0.17255384,1.424,0.82,72.161,35401998336.0,8622000128.0,buy,2.0,101.8412,137.0,82.0,25.0,73000.0,NYQ,EQUITY
TMO,Healthcare,Diagnostics & Research,214810312704,United States,Thermo Fisher Scientific Inc.,32.88237,24.217327,,4.2143145,4.911522,246664593408.0,22.442,0.3,1.72,0.0971,0.24,0.15022,0.19349001,0.41231,0.13116999,0.050380003,0.049,0.005,-0.009,0.775,610.97,385.46,0.01761818,1.498,0.837,69.752,35680002048.0,3545999872.0,buy,1.65385,603.78,675.0,533.16,22.0,125000.0,NYQ,EQUITY
LIN,Basic Materials,Specialty Chemicals,211009290240,United Kingdom,Linde plc,31.960228,26.548672,,5.4786515,6.3470984,233576775680.0,18.01,1.33,6.0,0.4108,1.33,0.20196,0.28264,0.48446,0.17312999,0.06949,0.028,0.084,0.062,0.94,486.38,408.65,-0.05172193,0.926,0.698,64.823,25920000000.0,4785999872.0,buy,1.72,513.13635,576.0,381.0,22.0,64842.0,NMS,EQUITY
PEP,Consumer Defensive,Beverages - Non-Alcoholic,206919581696,United States,"PepsiCo, Inc.",28.76996,17.535341,,10.685638,2.2402139,251587051520.0,14.785,3.72,5.69,1.0561,2.92,0.078200005,0.16903,0.54269004,0.37162,0.08365,0.027,-0.108,-0.112,0.458,174.0,127.6,-0.11111754,0.912,0.676,260.19,50849001472.0,8661000192.0,hold,2.73913,153.57143,172.0,115.0,21.0,319000.0,NMS,EQUITY
DIS,Communication Services,Entertainment,202069786624,United States,The Walt Disney Company,17.615988,21.823301,,1.8504372,2.137513,244817362944.0,12.561,0.88,1.0,0.22729999,1.38,0.12219,0.15696,0.37612998,0.1146,0.04524,0.021,1.042,1.008,1.542,124.69,80.1,0.1853249,0.722,0.569,37.152,42262999040.0,5367000064.0,buy,1.625,134.14137,160.0,79.0,29.0,177080.0,NYQ,EQUITY
APP,Communication Services,Advertising Agencies,196107157504,United States,AppLovin Corporation,79.529495,112.358536,,168.29318,34.179356,193368670208.0,56.368,,,0.0,,0.42345002,0.76082003,0.78610003,2.53772,0.32546002,0.77,1.688,1.644,2.527,745.61,158.08,2.5523272,2.736,2.536,300.821,3510958080.0,1192608000.0,buy,1.7037,648.75,860.0,360.0,24.0,1533.0,NMS,EQUITY
UBER,Technology,Software - Application,195652304896,United States,"Uber Technologies, Inc.",15.982828,39.7539,,8.663699,4.133703,198300450816.0,37.916,,,0.0,,0.26676,0.11462,0.33929002,0.67485,0.05781,0.182,0.355,0.335,1.479,101.99,59.33,0.1764481,1.112,0.928,52.23,12341999616.0,7369999872.0,buy,1.6,108.52941,150.0,82.0,51.0,32700.0,NYQ,EQUITY
ISRG,Healthcare,Medical Instruments & Supplies,195283664896,United States,"Intuitive Surgical, Inc.",72.24934,69.30789,,11.398799,20.316652,179506397184.0,52.463,,,0.0,,0.28577998,0.30326,0.66376996,0.16902,0.09561,0.229,0.25,0.247,1.611,616.0,425.0,0.030099869,6.597,5.573,,0.0,8432500224.0,buy,1.96774,592.2489,700.0,378.0,27.0,15638.0,NMS,EQUITY
NOW,Technology,Software - Application,193405632512,United States,"ServiceNow, Inc.",117.231445,55.80778,,17.691534,16.040941,190442160128.0,83.018,,,0.0,,0.13776,0.12068,0.78519,0.16951,0.05167,0.224,0.46,0.469,0.923,1198.09,678.66,-0.02188003,1.092,0.921,22.036,2408999936.0,6131999744.0,strong_buy,1.45455,1144.8087,1300.0,734.0,39.0,26293.0,NYQ,EQUITY
ANET,Technology,Computer Hardware,192435650560,United States,Arista Networks Inc,60.0422,15.735623,,17.651327,24.202864,175399501824.0,50.538,,,0.0,,0.40895,0.4473,0.64236,0.33638,0.15227,0.304,0.346,0.336,1.475,162.68,59.43,0.48182964,3.333,2.584,,0.0,8844399616.0,buy,1.59259,159.91652,185.0,113.0,23.0,4412.0,NYQ,EQUITY
INTU,Technology,Software - Application,187814199296,United States,Intuit Inc.,49.24269,30.303196,,9.539886,9.973671,,,0.64,4.32,0.3043,0.58,0.20546,0.15697,0.80394,0.20285,0.08934,0.41,-0.185,-0.146,1.253,813.7,532.65,0.110583186,1.36,0.495,,,,buy,1.69697,811.781,971.0,600.0,30.0,18200.0,NMS,EQUITY
LRCX,Technology,Semiconductor Equipment & Materials,186443628544,United States,Lam Research Corporation,32.63797,34.625294,,19.020971,10.113244,177134862336.0,28.174,0.74,1.04,0.20969999,1.05,0.29065,0.33668,0.48705003,0.58238,0.18399,0.336,0.722,0.686,1.841,153.7,56.32,0.84471726,2.21,1.487,48.233,4756554752.0,6390659072.0,buy,1.73529,153.689,200.0,84.0,30.0,19000.0,NMS,EQUITY
QCOM,Technology,Semiconductors,184098979840,United States,QUALCOMM Incorporated,16.469112,13.95094,,6.7973385,4.255935,187419328512.0,13.512,2.1,3.56,0.33200002,2.08,0.26766002,0.26647,0.55681,0.44615,0.14174,0.103,0.294,0.252,1.227,182.1,120.8,0.0069601536,3.194,1.721,54.35,14787999744.0,10010999808.0,buy,2.30556,179.28078,225.0,140.0,26.0,49000.0,NMS,EQUITY
AMAT,Technology,Semiconductor Equipment & Materials,182064660480,United States,"Applied Materials, Inc.",27.272076,23.58514,,9.3346405,6.363005,175455453184.0,19.379,0.83,1.84,0.1981,0.84,0.23877001,0.30581,0.48501998,0.35634997,0.15884,0.077,0.083,0.043,1.814,232.07,123.74,0.20032656,2.501,1.622,34.67,6761999872.0,7014000128.0,buy,1.78378,217.64516,265.0,160.0,31.0,36100.0,NMS,EQUITY
INTC,Technology,Semiconductors,178062655488,United States,Intel Corporation,,38.587627,,1.6737467,3.3552413,199017840640.0,21.63,,,2.0833,2.69,-0.38636002,-0.03803,0.32921,-0.18616,-0.00853,0.002,,,1.33,39.65,17.67,0.65264106,1.24,0.674,47.997,50757001216.0,21205999616.0,hold,3.13953,28.41686,43.0,14.0,35.0,108900.0,NMS,EQUITY
T,Communication Services,Telecom Services,175428796416,United States,AT&T Inc.,8.038111,11.016518,,1.5846015,1.4094473,339654574080.0,7.616,4.34,1.11,0.3616,6.69,0.17870001,0.19926001,0.59675,0.19139999,0.04062,0.016,,,0.624,29.79,21.38,0.15090096,1.013,0.542,123.112,158492999680.0,20272001024.0,buy,1.88462,30.78125,34.0,26.0,24.0,135670.0,NYQ,EQUITY
BLK,Financial Services,Asset Management,175007088640,United States,"BlackRock, Inc.",29.036283,22.980652,,3.5533097,7.64724,180726366208.0,20.733,1.84,20.84,0.53360003,2.34,0.26638,0.3214,0.47664002,,,0.252,-0.227,-0.189,1.462,1219.94,773.74,0.14804876,,,28.507,14709999616.0,11658000384.0,buy,1.58824,1313.5625,1486.0,1000.0,16.0,21100.0,NYQ,EQUITY
C,Financial Services,Banks - Diversified,173338427392,United States,Citigroup Inc.,13.60604,13.473575,,0.8936231,2.2994063,-319115395072.0,,2.49,2.4,0.3202,3.6,0.19488001,0.30606002,0.0,0.06995,0.0058399998,0.109,0.231,0.159,1.357,105.59,55.51,0.5285715,,,,720331997184.0,1231661039616.0,buy,1.81818,113.45238,134.0,82.0,21.0,227000.0,NYQ,EQUITY
SCHW,Financial Services,Capital Markets,171556388864,United States,The Charles Schwab Corporation,22.13349,24.871054,,4.017087,7.486968,151164338176.0,,1.15,1.08,0.2482,1.26,0.35930002,0.49242002,0.97342,,,0.266,0.775,0.675,0.966,99.59,65.88,0.29921472,,,111.866,55318999040.0,82110996480.0,buy,1.68182,111.5,134.0,88.0,20.0,32700.0,NYQ,EQUITY
NEE,Utilities,Utilities - Regulated Electric,171168399360,United States,"NextEra Energy, Inc.",28.961674,22.586956,,3.3696842,6.6090736,272187801600.0,18.588,2.74,2.27,0.7537,2.41,0.22850001,0.33851,0.61974996,0.07592,0.02708,0.104,0.241,0.25,0.652,86.74,61.72,0.00036227703,0.542,0.333,152.939,93188997120.0,1728000000.0,buy,1.95455,88.19,103.0,56.0,20.0,16800.0,NYQ,EQUITY
BKNG,Consumer Cyclical,Travel Services,166937968640,United States,Booking Holdings Inc.,35.9394,24.545317,,-25.086498,6.670848,171166826496.0,19.129,0.73,38.4,0.2558,,0.19233,0.33657002,0.86773,,0.17569,0.16,-0.382,-0.412,1.351,5839.41,4096.23,0.20555782,1.248,1.179,,19239000064.0,17595000832.0,buy,1.8,6119.212,7218.0,5200.0,38.0,24800.0,NMS,EQUITY
APH,Technology,Electronic Components,165361549312,United States,Amphenol Corporation,45.146667,62.7037,,13.217527,7.885578,161792278528.0,26.687,0.78,1.0,0.22,0.89,0.18218,0.27481002,0.36308,0.34807998,0.14032,0.534,1.021,1.061,1.18,135.94,56.45,0.8471347,2.07,1.409,63.99,8067100160.0,3888100096.0,buy,1.94118,137.17647,163.0,85.0,17.0,125000.0,NYQ,EQUITY
BA,Industrials,Aerospace & Defense,165137285120,United States,The Boeing Company,,464.65958,,-49.986267,2.1922722,197170200576.0,-28.139,,,0.0,2.48,-0.14182,-0.00976,-0.00153,,-0.03729,0.349,,,1.47,242.69,128.88,0.39555407,1.231,0.336,,55646998528.0,22257999872.0,strong_buy,1.5,253.86365,287.0,170.0,22.0,172000.0,NYQ,EQUITY
VZ,Communication Services,Telecom Services,163235020800,United States,Verizon Communications Inc.,9.003488,8.184989,,1.5838243,1.1914965,340381728768.0,6.819,6.93,2.76,0.6302,5.89,0.1328,0.23284,0.59485,0.18454,0.05204,0.052,0.083,0.089,0.366,47.36,37.59,-0.04921168,0.637,0.497,167.439,174740996096.0,3467000064.0,buy,2.25,48.85714,58.0,43.0,21.0,100000.0,NYQ,EQUITY
GEV,Industrials,Specialty Industrial Machinery,161080229888,United States,GE Vernova Inc.,96.37825,86.04203,,17.157679,4.3992963,151437983744.0,62.604,0.17,1.0,0.1221,,0.031570002,0.059159998,0.18468,0.11412,0.01792,0.111,-0.6,-0.603,,677.29,252.25,0.939394,1.028,0.669,10.646,1059000000.0,7491999744.0,buy,1.93548,675.67224,760.0,420.0,27.0,76800.0,NYQ,EQUITY
TJX,Consumer Cyclical,Apparel Retail,158866440192,United States,"The TJX Companies, Inc.",32.515945,31.03152,,17.917032,2.742498,167699021824.0,21.907,1.19,1.7,0.3531,1.26,0.08587,0.11249,0.30574,0.59755003,0.1276,0.069,0.146,0.131,0.921,146.46,111.73,0.2527145,1.174,0.473,147.992,13121000448.0,4639000064.0,strong_buy,1.45455,150.78947,172.0,90.0,19.0,364000.0,NYQ,EQUITY
AMGN,Healthcare,Drug Manufacturers - General,157565042688,United States,Amgen Inc.,23.950489,14.1594095,,21.20987,4.51256,207520333824.0,12.851,3.22,9.52,0.7572,3.06,0.18956,0.32727,0.69359,0.99139,0.07507,0.094,0.92,0.92,0.48,335.88,253.3,-0.062434673,1.306,0.817,756.651,56204001280.0,8028000256.0,buy,2.41935,311.64847,405.0,180.0,26.0,28000.0,NMS,EQUITY
TXN,Technology,Semiconductors,156895625216,United States,Texas Instruments Incorporated,31.607399,29.349728,,9.434529,9.08697,164035395584.0,20.974,3.33,5.68,0.9835,2.65,0.29208001,0.36862,0.57483,0.29757,0.10707,0.142,0.007,0.001,1.002,221.69,139.95,-0.17375731,4.45,2.325,84.477,14046000128.0,5185999872.0,buy,2.5,190.83,245.0,125.0,33.0,34000.0,NMS,EQUITY
DHR,Healthcare,Diagnostics & Research,156315156480,United States,Danaher Corporation,45.534977,26.408115,,3.060519,6.441205,170691837952.0,22.374,0.59,1.28,0.2531,0.4,0.14435,0.2075,0.59593,0.06843,0.040570002,0.044,0.134,0.11,0.802,258.23,171.0,-0.12056452,1.519,0.981,35.544,18155999232.0,1528000000.0,strong_buy,1.30435,254.4,310.0,220.0,20.0,61000.0,NYQ,EQUITY
BSX,Healthcare,Medical Devices,153331662848,United States,Boston Scientific Corporation,55.3369,37.089607,,6.8330693,7.924526,165607899136.0,31.927,,,0.0,,0.1443,0.21639,0.68903,,,0.203,0.6,0.61,0.614,109.5,80.64,0.22032905,,,53.092,12026999808.0,534000000.0,strong_buy,1.32353,125.98281,140.0,99.0,32.0,53000.0,NYQ,EQUITY
ACN,Technology,Information Technology Services,153199050752,Ireland,Accenture plc,20.315783,17.557919,,4.9245467,2.1988304,152245108736.0,12.456,2.62,6.52,0.48720002,1.44,0.11021,0.1522,0.31914,0.25509,0.111829996,0.073,-0.155,-0.161,1.278,398.35,229.4,-0.3159817,1.42,1.301,25.38,8182865920.0,11484674048.0,buy,2.07692,277.6008,330.0,205.0,25.0,779000.0,NYQ,EQUITY
KLAC,Technology,Semiconductor Equipment & Materials,152482775040,United States,KLA Corporation,38.065086,35.281532,,32.578568,12.543661,148640858112.0,27.484,0.68,7.6,0.2223,1.05,0.33411998,0.42578998,0.6091,1.00775,0.19896999,0.236,0.467,0.438,1.497,1162.39,551.33,0.6727513,2.619,1.68,129.746,6088282112.0,4494623232.0,buy,2.2963,1050.92,1300.0,745.0,25.0,15000.0,NMS,EQUITY
GILD,Healthcare,Drug Manufacturers - General,149504819200,United States,"Gilead Sciences, Inc.",23.906746,16.21669,,7.6062117,5.1798086,169512402944.0,12.283,2.6,3.16,0.619,3.89,0.21865,0.39156,0.78533,0.33403,0.12616,0.018,0.209,0.214,0.354,124.61,86.08,0.36810088,1.315,0.969,127.34,24945999872.0,6057999872.0,buy,1.71429,127.2336,145.0,100.0,25.0,17600.0,NMS,EQUITY
ADBE,Technology,Software - Application,147075104768,United States,Adobe Inc.,21.904613,17.097324,,12.537468,6.3446403,148932067328.0,16.438,,,0.0,0.12,0.30012,0.36289,0.89138,0.52875,0.18094,0.107,0.112,0.052,1.49,557.9,327.5,-0.26669705,1.019,0.87,56.542,6655000064.0,5944999936.0,buy,2.025,454.182,605.0,280.0,35.0,30709.0,NMS,EQUITY
SPGI,Financial Services,Financial Data & Stock Exchanges,146792824832,United States,S&P Global Inc.,36.98577,28.602917,,4.3963046,9.985907,161203617792.0,22.204,0.8,3.84,0.2875,0.81,0.27286,0.4269,0.69558,0.11291,0.06261,0.058,0.084,0.06,1.189,579.05,427.14,-0.027310908,0.982,0.807,31.651,12014999552.0,1847000064.0,strong_buy,1.32,612.4091,661.0,540.0,22.0,42350.0,NYQ,EQUITY
PANW,Technology,Software - Infrastructure,145980751872,United States,"Palo Alto Networks, Inc.",135.64151,29.954166,,18.40973,15.830478,139601936384.0,105.003,,,0.0,,0.122959994,0.13528,0.73414004,0.17452998,0.030669998,0.158,-0.277,-0.29,0.974,217.94,144.15,0.16528606,0.942,0.824,5.335,417400000.0,2903200000.0,buy,1.77778,216.87833,248.0,131.0,48.0,16068.0,NMS,EQUITY
SYK,Healthcare,Medical Devices,145506156544,United States,Stryker Corporation,50.544487,28.130083,,6.8664417,6.1090837,163133046784.0,25.537,0.87,3.36,0.4397,1.0,0.12251,0.21952999,0.64950997,0.1425,0.07735,0.111,0.07,0.072,0.951,406.19,329.16,0.07904971,1.784,0.876,80.827,17127999488.0,2464000000.0,buy,1.96774,429.37186,465.0,316.0,27.0,53000.0,NYQ,EQUITY
ETN,Industrials,Specialty Industrial Machinery,144329080832,Ireland,Eaton Corporation plc,37.2603,30.766804,,7.7572026,5.553468,151472586752.0,25.765,1.15,4.16,0.3984,1.71,0.15103,0.18569,0.38162,0.20733,0.07694,0.107,0.012,-0.011,1.172,399.56,231.85,0.044339538,1.24,0.686,62.391,11633999872.0,584000000.0,buy,1.83871,404.21307,495.0,288.0,26.0,94443.0,NYQ,EQUITY
COF,Financial Services,Credit Services,140356190208,United States,Capital One Financial Corporation,75.87285,14.098978,,1.2947282,4.8589697,141705560064.0,,1.09,2.4,0.8224,1.6,0.04899,0.38719,0.0,0.01615,0.0024899999,0.679,0.095,0.796,1.182,232.45,143.22,0.43794858,,,,51482001408.0,55279001600.0,buy,1.65217,259.33334,290.0,210.0,21.0,77000.0,NYQ,EQUITY
HON,Industrials,Conglomerates,140114313216,United States,Honeywell International Inc.,25.135353,20.04436,,8.705314,3.5037336,158705975296.0,15.936,2.22,4.58,0.5085,1.97,0.14296,0.21426001,0.38077,0.33602002,0.07146,0.081,0.038,0.017,1.049,242.77,179.36,-0.011908174,1.294,0.909,226.06,37647998976.0,10677000192.0,buy,1.95833,249.39857,290.0,210.0,21.0,102000.0,NMS,EQUITY
PFE,Healthcare,Drug Manufacturers - General,140030558208,United States,Pfizer Inc.,13.0313225,8.40587,,1.5785924,2.1937015,189658808320.0,7.739,6.96,1.72,0.89949995,4.73,0.16844,0.28684,0.73819,0.12168,0.0525,0.103,69.74,69.976,0.465,29.17,20.92,-0.13687152,1.158,0.778,69.703,62044000256.0,13249000448.0,buy,2.45833,28.80864,36.0,24.0,22.0,81000.0,NYQ,EQUITY
LOW,Consumer Cyclical,Home Improvement Retail,136000036864,United States,"Lowe's Companies, Inc.",19.87705,19.200317,,-11.933469,1.6265612,170411687936.0,13.643,1.97,4.8,0.3815,1.71,0.08202,0.14479,0.33464,,0.14288001,0.016,0.024,0.006,0.88,280.64,206.39,-0.10255748,1.047,0.243,,39089999872.0,5256000000.0,buy,1.91429,282.21875,325.0,221.0,32.0,300000.0,NYQ,EQUITY
UNP,Industrials,Railroads,130973491200,United States,Union Pacific Corporation,19.185047,18.234509,,8.054417,5.369306,166453149696.0,13.461,2.45,5.52,0.4657,2.16,0.2843,0.41257998,0.55889,0.42355,0.09105,0.024,0.15,0.121,1.068,256.84,204.66,-0.023878634,0.648,0.464,208.857,33955999744.0,1080000000.0,buy,1.88889,261.68,298.0,213.0,25.0,29929.0,NYQ,EQUITY
CRWD,Technology,Software - Infrastructure,130277081088,United States,"CrowdStrike Holdings, Inc.",,121.57494,,34.66148,30.01014,121381281792.0,-1328.444,,,0.0,,-0.06841,-0.06381,0.74163,-0.089209996,-0.02053,0.213,,,1.188,521.48,294.68,0.6425592,1.88,1.686,21.36,810528000.0,4972435968.0,buy,1.92308,500.35556,610.0,330.0,45.0,10047.0,NMS,EQUITY
PGR,Financial Services,Insurance - Property & Casualty,129610055680,United States,The Progressive Corporation,12.137656,16.016428,,3.6566582,1.5218521,135931232256.0,9.641,2.2,4.9,0.2689,1.7,0.12579,0.15079,0.17906,0.34223998,0.076009996,0.142,0.119,0.121,0.318,292.99,217.2,-0.098189354,0.285,0.232,19.455,6896000000.0,1515000064.0,buy,2.47826,262.65158,351.0,189.0,19.0,66308.0,NYQ,EQUITY
DE,Industrials,Farm & Heavy Construction Machinery,125207126016,United States,Deere & Company,24.1988,20.89152,,4.9734774,2.8295395,185248497664.0,21.913,1.4,6.48,0.3305,1.21,0.11767,0.15094,0.27421,0.21399,0.03736,-0.086,-0.245,-0.257,1.031,533.78,387.03,0.12477195,2.229,2.003,266.767,67396001792.0,7225999872.0,buy,2.16667,524.9491,724.0,440.0,22.0,75800.0,NYQ,EQUITY
MDT,Healthcare,Medical Devices,120892973056,Ireland,Medtronic plc,26.037292,16.111965,,2.5227504,3.5348823,143737569280.0,15.217,2.96,2.84,0.77620006,2.85,0.13626,0.18687001,0.65383005,0.09741,0.045689996,0.084,0.013,-0.002,0.792,99.37,79.29,0.053961992,2.014,1.248,59.437,28608999424.0,8120999936.0,buy,2.1875,101.12885,115.0,81.0,26.0,95000.0,NYQ,EQUITY
BX,Financial Services,Asset Management,189876420608,United States,Blackstone Inc.,41.78381,26.518028,,14.485158,14.058941,151071375360.0,,2.63,4.26,1.0946,3.32,0.21204,0.5273,1.0,0.2882,0.13328,0.425,0.691,0.72,1.765,200.96,115.66,-0.04679948,0.921,0.87,67.125,14149222400.0,2361184000.0,buy,2.18182,182.42105,215.0,150.0,19.0,4895.0,NYQ,EQUITY
ADI,Technology,Semiconductors,120051884032,United States,"Analog Devices, Inc.",61.936546,32.364723,,3.5220678,11.558126,123483127808.0,26.574,1.65,3.96,0.97199994,1.72,0.18847999,0.28551,0.60151,0.05652,0.03387,0.246,0.316,0.322,1.089,258.13,158.65,0.04649949,2.324,1.686,25.541,8706007040.0,3469286912.0,buy,1.76471,268.9355,310.0,155.0,31.0,24000.0,NMS,EQUITY
HOOD,Financial Services,Capital Markets,119540031488,United States,"Robinhood Markets, Inc.",68.28167,184.26697,,14.801374,33.512764,106807246848.0,,,,0.0,,0.50126,0.44388,0.91504997,0.23536,0.04664,0.45,1.0,1.053,2.43,153.86,23.0,3.6737695,1.129,1.089,161.174,13009999872.0,19260000256.0,buy,2.08333,134.49141,170.0,50.0,22.0,2300.0,NMS,EQUITY
WELL,Real Estate,REIT - Healthcare Facilities,117647147008,United States,Welltower Inc.,98.268715,96.648895,,3.2588742,12.680468,131216023552.0,37.816,1.68,2.96,1.4972,2.82,0.121759996,0.18656999,0.39641997,0.0345,0.01922,0.396,0.074,0.185,0.911,180.4,123.11,0.33247507,3.221,2.894,47.356,17306750976.0,4409739776.0,buy,1.57143,188.14285,246.0,158.0,21.0,685.0,NYQ,EQUITY
PLD,Real Estate,REIT - Industrial,116324458496,United States,"Prologis, Inc.",36.412792,35.585228,,2.2104576,12.782144,155682226176.0,24.074,3.21,4.04,1.1599,2.64,0.35243,0.42720002,0.76095,0.05963,0.0247,0.087,-0.243,-0.24,1.291,127.5,85.35,0.04618323,0.265,0.204,61.705,35302899712.0,1186022016.0,buy,1.91667,127.35,145.0,114.0,20.0,2703.0,NYQ,EQUITY
ADP,Technology,Software - Application,113943576576,United States,"Automatic Data Processing, Inc.",28.212637,25.876724,,18.422846,5.54176,116415037440.0,19.321,2.17,6.16,0.6032,1.95,0.19841999,0.23685,0.48391,0.76003,0.06315,0.075,0.106,0.098,0.825,329.93,272.62,-0.018933773,1.048,0.276,148.765,9205600256.0,7808200192.0,hold,2.8,313.58334,340.0,290.0,12.0,67000.0,NMS,EQUITY
COP,Energy,Oil & Gas E&P,112804470784,United States,ConocoPhillips,12.107239,11.247821,,1.7203155,1.8995129,127359049728.0,5.065,3.57,3.12,0.4182,2.59,0.15467,0.19729,0.48231998,0.1593,0.082729995,0.021,-0.212,-0.154,0.635,115.38,79.88,-0.16249883,1.269,1.005,35.883,23529000960.0,5340000256.0,buy,1.68966,114.38393,130.0,100.0,28.0,11700.0,NYQ,EQUITY
LMT,Industrials,Aerospace & Defense,113338638336,United States,Lockheed Martin Corporation,27.317345,17.424404,,18.225794,1.5451969,131442122752.0,18.112,2.83,13.8,0.7354,2.67,0.05726,0.11693,0.08252,0.62776,0.06391,0.088,0.022,-0.002,0.274,576.43,410.11,-0.13659805,1.129,0.926,358.987,22189000704.0,3470000128.0,hold,2.57895,520.94116,630.0,430.0,17.0,121000.0,NYQ,EQUITY
CB,Financial Services,Insurance - Property & Casualty,111263571968,Switzerland,Chubb Limited,11.796091,11.950974,,1.548446,1.8892175,127706595328.0,10.038,1.4,3.88,0.1571,1.57,0.16428,0.25261998,0.29093,0.1364,0.02981,0.087,0.226,0.205,0.546,306.91,252.16,-0.05932778,0.361,0.176,25.12,19545999360.0,6833999872.0,hold,2.56522,306.63635,340.0,267.0,22.0,43000.0,NYQ,EQUITY
CEG,Utilities,Utilities - Renewable,112023945216,United States,Constellation Energy Corporation,37.391552,40.065365,,8.331242,4.5134544,116054695936.0,18.262,0.44,1.55,0.15439999,,0.12123,0.15391,0.21773,0.23515,0.04483,0.114,0.035,0.031,1.12,412.7,161.35,0.32347822,1.476,0.978,60.212,8311000064.0,1974000000.0,buy,1.69231,382.33334,422.0,335.0,12.0,14215.0,NMS,EQUITY
VRTX,Healthcare,Biotechnology,109527523328,United States,Vertex Pharmaceuticals Incorporated,30.361763,22.75919,,6.374543,9.591859,104479825920.0,22.694,,,0.0,,0.31856,0.38931,0.52541,0.22771,0.12535,0.121,,,0.431,519.88,362.5,-0.09635311,2.52,2.0,8.893,1527399936.0,6382799872.0,buy,1.96875,480.84,603.0,330.0,25.0,6100.0,NMS,EQUITY
MO,Consumer Defensive,Tobacco,108655345664,United States,"Altria Group, Inc.",12.510638,12.08972,,-33.39184,5.3633122,131718373376.0,10.476,6.58,4.24,0.7892,7.81,0.43373,0.62571,0.71731,,0.23014,0.002,-0.362,-0.375,0.572,68.6,49.59,0.29014814,0.388,0.225,,24719998976.0,1287000064.0,hold,2.66667,63.83333,73.0,50.0,12.0,6200.0,NYQ,EQUITY
CMCSA,Communication Services,Telecom Services,108624355328,United States,Comcast Corporation,4.878922,6.716872,,1.1233257,0.8747049,200998879232.0,5.259,4.49,1.32,0.2123,2.64,0.18444,0.19770001,0.70822996,0.24919,0.05244,0.021,1.98,1.831,0.941,45.31,29.15,-0.29411763,0.913,0.715,104.176,101528002560.0,9687000064.0,buy,2.26667,38.91071,49.0,31.0,28.0,182000.0,NMS,EQUITY
KKR,Financial Services,Asset Management,112343924736,United States,KKR & Co. Inc.,57.25708,19.997528,,4.2119784,5.2448196,169393553408.0,,0.6,0.74,0.33490002,0.9,0.09571999,0.24757999,0.59585,0.07503,0.01332,0.219,-0.306,-0.236,1.913,170.4,86.15,-0.13944721,1.657,1.6,76.715,54443347968.0,40196390912.0,buy,1.57143,158.38422,188.0,139.0,19.0,4834.0,NYQ,EQUITY
DASH,Consumer Cyclical,Internet Retail,108148637696,United States,"DoorDash, Inc.",139.09889,142.22472,,12.11234,9.091941,106042531840.0,127.149,,,0.0,,0.06566,0.05633,0.51037997,0.0964,0.02545,0.249,,,1.706,285.5,151.26,0.64703965,2.073,1.276,36.414,3251000064.0,4999000064.0,buy,1.74419,302.23077,360.0,205.0,39.0,23700.0,NMS,EQUITY
SO,Utilities,Utilities - Regulated Electric,106000564224,United States,The Southern Company,24.899225,22.305555,,3.1164296,3.7372832,180120616960.0,13.478,3.04,2.96,0.7494,3.78,0.15100999,0.28079998,0.48736,0.11229,0.03387,0.079,-0.275,-0.269,0.413,100.84,80.46,0.04134178,0.741,0.385,189.663,70824001536.0,1264000000.0,buy,2.42857,100.80556,114.0,75.0,18.0,28314.0,NYQ,EQUITY
HCA,Healthcare,Medical Care Facilities,104389181440,United States,"HCA Healthcare, Inc.",18.7288,18.171894,,-23.975922,1.4359292,151715594240.0,10.464,0.65,2.88,0.1159,0.75,0.08213,0.15946999,0.40890998,136.31683,0.11844,0.064,0.235,0.131,1.407,446.78,289.98,0.10601652,0.976,0.721,,46364000256.0,1040000000.0,buy,1.92,428.2381,495.0,333.0,21.0,226000.0,NYQ,EQUITY
DELL,Technology,Computer Hardware,103431995392,United States,Dell Technologies Inc.,22.529928,16.418085,,-37.659836,1.0195266,122316382208.0,12.064,1.4,2.1,0.2832,,0.04768,0.0664,0.21260999,,0.054,0.19,0.382,0.312,1.126,166.1,66.25,0.2451688,0.83,0.531,,29518000128.0,8144999936.0,buy,1.625,163.18182,200.0,130.0,22.0,108000.0,NYQ,EQUITY
NKE,Consumer Cyclical,Footwear & Accessories,103030628352,United States,"NIKE, Inc.",35.743587,21.578947,,7.64422,2.218575,104600150016.0,24.923,2.32,1.6,0.8205,1.31,0.062340003,0.0791,0.41938,0.21122,0.05685,0.011,-0.3,-0.308,1.298,82.44,52.28,-0.12601215,2.19,1.241,82.128,11061000192.0,8575000064.0,buy,2.025,83.27171,120.0,38.0,35.0,77800.0,NYQ,EQUITY
CVS,Healthcare,Healthcare Plans,102721748992,United States,CVS Health Corporation,22.559889,12.498456,,1.3261179,0.26727557,172738445312.0,12.362,3.24,2.66,0.7409,3.16,0.01179,0.02803,0.13305001,0.05881,0.02286,0.084,-0.432,-0.423,0.609,83.52,43.56,0.46133292,0.803,0.582,106.67,82724003840.0,14172999680.0,buy,1.59259,85.52,103.0,70.0,25.0,219000.0,NYQ,EQUITY
DUK,Utilities,Utilities - Regulated Electric,99388178432,United States,Duke Energy Corporation,20.883987,20.159306,,1.9919889,3.2218678,190557880320.0,12.395,3.3,4.26,0.68410003,3.92,0.15719,0.24227,0.51926,0.0959,0.028269999,0.047,0.104,0.093,0.424,130.03,105.2,0.084103465,0.66,0.241,170.004,88452997120.0,344000000.0,buy,2.1,137.6,150.0,121.0,15.0,26413.0,NYQ,EQUITY
MCK,Healthcare,Medical Distribution,99155501056,United States,McKesson Corporation,31.91233,21.656342,,-50.658997,0.2625975,107593711616.0,19.921,0.41,3.28,0.1137,0.6,0.00838,0.01082,0.03451,,0.04014,0.234,-0.107,-0.143,0.513,798.17,492.39,0.5756099,0.883,0.475,,9944999936.0,2417999872.0,buy,1.6875,836.7143,900.0,680.0,14.0,43000.0,NYQ,EQUITY
NEM,Basic Materials,Gold,98215124992,United States,Newmont Corporation,16.197916,23.3453,,3.0656414,4.7714305,96705110016.0,8.841,1.15,1.0,0.18120001,3.27,0.30495,0.45458,0.55694,0.20285,0.090679996,0.208,1.501,1.416,0.356,98.58,36.86,0.7667005,2.227,1.561,23.561,7607000064.0,6653000192.0,buy,1.80952,100.965,120.0,62.0,20.0,22200.0,NYQ,EQUITY
SBUX,Consumer Cyclical,Restaurants,97216274432,United States,Starbucks Corporation,37.02381,22.990591,,-12.612447,2.6497173,120595947520.0,21.626,2.9,2.48,1.039,2.15,0.07175,0.0951,0.23739,,0.07566,0.038,-0.473,-0.471,0.998,117.46,75.5,-0.11991763,0.756,0.516,,27906600960.0,4505900032.0,buy,2.34286,95.93333,115.0,69.0,30.0,361000.0,NMS,EQUITY
CME,Financial Services,Financial Data & Stock Exchanges,97154891776,United States,CME Group Inc.,26.148397,25.997107,,3.4397447,15.210397,96978804736.0,21.571,1.87,5.0,1.0368,3.46,0.58927,0.63254,1.0,0.13346,0.01601,-0.028,-0.004,-0.005,0.427,290.79,213.94,0.16596282,1.021,0.023,12.136,3421299968.0,2769999872.0,hold,2.61111,282.83334,314.0,204.0,18.0,3760.0,NMS,EQUITY
PH,Industrials,Specialty Industrial Machinery,95309832192,United States,Parker-Hannifin Corporation,27.761703,25.58339,,6.969132,4.8015027,102948880384.0,20.123,0.97,7.2,0.2467,1.29,0.17788,0.2236,0.37008,0.2741,0.089490004,0.011,0.192,0.176,1.347,779.77,488.45,0.18785846,1.194,0.646,69.286,9486000128.0,467000000.0,buy,1.78261,802.7143,910.0,500.0,21.0,57950.0,NYQ,EQUITY
MMC,Financial Services,Insurance Brokers,92137316352,United States,"Marsh & McLennan Companies, Inc.",22.523354,19.943796,,6.0816846,3.4830573,111865798656.0,14.472,1.9,3.6,0.4113,1.38,0.15601,0.19240999,0.43953,0.28734,0.078779995,0.115,0.0,0.0,0.811,248.0,185.12,-0.14909208,1.123,0.52,139.501,21425999872.0,2511000064.0,hold,2.52381,218.21053,258.0,191.0,19.0,90000.0,NYQ,EQUITY
TT,Industrials,Building Products & Equipment,92159188992,Ireland,Trane Technologies plc,32.71485,32.740715,,11.773552,4.4413853,94759321600.0,23.264,0.92,3.76,0.28079998,1.27,0.13764,0.20187001,0.36256,0.39078,0.11297,0.083,0.177,0.158,1.119,476.19,298.15,0.040578723,1.104,0.713,58.751,4615000064.0,774200000.0,hold,2.58333,468.075,544.0,415.0,18.0,45000.0,NYQ,EQUITY
GD,Industrials,Aerospace & Defense,91906957312,United States,General Dynamics Corporation,22.961695,21.248135,,3.8918126,1.8281573,99943522304.0,16.457,1.77,6.0,0.39220002,2.19,0.08128,0.1016,0.15402001,0.17915002,0.05752,0.089,0.147,0.12,0.484,347.37,239.2,0.122713804,1.364,0.737,45.034,10618999808.0,1523000064.0,buy,2.25,354.2353,400.0,293.0,17.0,117000.0,NYQ,EQUITY
CDNS,Technology,Software - Application,91714674688,United States,"Cadence Design Systems, Inc.",90.96756,49.135765,,18.319273,18.021124,89537855488.0,50.109,,,0.0,,0.19884,0.29354,0.85570997,0.21839,0.11731,0.202,-0.298,-0.303,0.988,376.45,221.56,0.3153056,2.821,2.509,49.498,2478145024.0,3000955904.0,buy,1.70833,370.84042,410.0,200.0,24.0,13152.0,NMS,EQUITY
MMM,Industrials,Conglomerates,90228580352,United States,3M Company,27.089315,21.5,,19.496098,3.6345854,96874766336.0,15.724,1.75,2.92,0.4609,4.06,0.137,0.24367,0.40979,0.72920996,0.07971,0.035,-0.375,-0.392,1.108,171.11,121.98,0.32228982,1.842,1.027,281.904,13178999808.0,5187999744.0,buy,1.94118,172.375,199.0,110.0,16.0,61500.0,NYQ,EQUITY
ICE,Financial Services,Financial Data & Stock Exchanges,89521250304,United States,"Intercontinental Exchange, Inc.",30.017275,23.203264,,3.1449714,9.240426,108587802624.0,18.029,1.22,1.92,0.357,1.22,0.30997,0.51396,1.0,0.11062,0.02123,0.098,0.345,0.347,1.085,189.35,142.29,-0.059616566,1.006,0.028,68.938,19665999872.0,1003000000.0,buy,1.66667,199.25,225.0,170.0,16.0,12806.0,NYQ,EQUITY
BMY,Healthcare,Drug Manufacturers - General,89121554432,United States,Bristol-Myers Squibb Company,17.584337,6.2283072,,5.1102943,1.8682199,127792996352.0,6.685,5.59,2.48,0.98800004,3.75,0.10584,0.33678,0.73917997,0.29319,0.08332,0.006,-0.228,-0.22,0.344,63.33,42.96,-0.1611867,1.207,1.043,291.549,50988998656.0,13603000320.0,hold,2.73077,53.04762,68.0,34.0,21.0,34100.0,NYQ,EQUITY
AMT,Real Estate,REIT - Specialty,88412856320,United States,American Tower Corporation,35.292526,27.807806,,23.810215,8.617573,139428249600.0,21.044,3.56,6.8,1.2411,2.68,0.12601,0.45655,0.74371004,0.24281,0.04538,0.032,-0.595,-0.593,0.866,234.33,172.51,-0.15376443,0.614,0.534,431.469,45213200384.0,2076000000.0,buy,1.72727,237.94737,260.0,210.0,19.0,4691.0,NYQ,EQUITY
WM,Industrials,Waste Management,86894526464,United States,"Waste Management, Inc.",32.052006,26.729866,,9.438611,3.6281638,110777647104.0,15.787,1.52,3.3,0.4674,1.53,0.11361,0.1846,0.39716,0.32691002,0.06966,0.19,0.065,0.068,0.642,242.58,199.69,0.036139965,0.857,0.752,261.03,24020000768.0,440000000.0,buy,2.0,251.72726,277.0,198.0,22.0,61700.0,NYQ,EQUITY
MCO,Financial Services,Financial Data & Stock Exchanges,85758664704,United States,Moody's Corporation,38.67337,36.08934,,21.732899,11.432964,89841131520.0,25.102,0.8,3.76,0.2953,0.8,0.29916,0.46785998,0.7375,0.54914004,0.13188,0.107,0.229,0.21,,531.93,378.71,0.0125284195,1.84,1.614,179.061,7362999808.0,2259000064.0,buy,1.91667,543.2381,620.0,435.0,21.0,15838.0,NYQ,EQUITY
NOC,Industrials,Aerospace & Defense,86110150656,United States,Northrop Grumman Corporation,21.703238,21.502138,,5.3885927,2.1039422,100663664640.0,15.305,1.55,9.24,0.3147,1.59,0.09819999,0.13221,0.19422,0.26152,0.06529,0.043,0.096,0.072,0.098,640.9,426.24,0.13901615,1.109,0.924,109.401,17490999296.0,1956999936.0,buy,2.1,661.1111,770.0,533.0,18.0,97000.0,NYQ,EQUITY
RCL,Consumer Cyclical,Travel Services,85824290816,United States,Royal Caribbean Cruises Ltd.,23.491674,22.110777,,9.360203,4.9944305,105565159424.0,17.057,1.26,4.0,0.1822,2.52,0.20966999,0.29374,0.50035,0.46622002,0.07515,0.104,0.417,0.417,2.088,366.5,164.01,0.5660182,0.232,0.105,210.865,19736999936.0,735000000.0,buy,1.73077,355.73914,420.0,218.0,23.0,105950.0,NYQ,EQUITY
SNPS,Technology,Software - Infrastructure,84454367232,United States,"Synopsys, Inc.",61.35899,30.576336,,3.0535676,13.123602,96931880960.0,73.923,,,0.0,,0.31042,0.095,0.81128,0.065019995,0.02305,0.14,-0.427,-0.406,1.097,651.73,365.74,-0.08268553,1.625,1.396,54.828,15140314112.0,2593710080.0,buy,1.73913,556.4,630.0,425.0,23.0,20000.0,NMS,EQUITY
COIN,Financial Services,Financial Data & Stock Exchanges,83400761344,United States,"Coinbase Global, Inc.",31.271166,90.92288,,6.8819637,12.43666,79462055936.0,39.337,,,0.0,,0.42666,0.14428,0.84535,0.27961,0.0076099997,0.029,36.934,38.527,3.684,444.65,142.58,0.531507,2.125,0.948,38.83,4696446976.0,7539387904.0,buy,2.26471,378.12207,510.0,185.0,29.0,3772.0,NMS,EQUITY
ORLY,Consumer Cyclical,Auto Parts,82838732800,United States,"O'Reilly Automotive, Inc.",33.899303,2.1724522,,-61.40251,4.83814,93990682624.0,24.879,,,0.0,,0.14155,0.20209,0.51397,,0.13619,0.059,0.114,0.073,0.598,108.72,76.21933,0.2653675,0.724,0.086,,8312948224.0,198612992.0,buy,1.66667,108.90476,125.0,62.0,21.0,92810.0,NMS,EQUITY
SHW,Basic Materials,Specialty Chemicals,82499403776,United States,The Sherwin-Williams Company,32.825397,25.890455,,18.67585,3.5745132,96224403456.0,22.33,0.95,3.16,0.29860002,0.84,0.11026,0.17459999,0.48865002,0.62431,0.093389995,0.007,-0.143,-0.152,1.203,400.42,308.84,-0.07682735,0.784,0.424,308.571,13579899904.0,273900000.0,buy,2.07407,377.7143,420.0,258.0,21.0,63890.0,NYQ,EQUITY
CI,Healthcare,Healthcare Plans,80823156736,United States,The Cigna Group,16.609436,9.667624,,2.0073588,0.30845824,108021145600.0,9.469,1.96,6.04,0.3191,1.41,0.01915,0.03674,0.098579995,0.13182999,0.0398,0.11,0.048,-0.01,0.462,350.0,256.89,-0.032585442,0.788,0.642,76.102,30768001024.0,5142000128.0,buy,1.56,366.49918,428.0,300.0,24.0,71295.0,NYQ,EQUITY
EQIX,Real Estate,REIT - Specialty,80768122880,United States,"Equinix, Inc.",80.91274,61.68236,,5.7347846,9.04357,99348135936.0,26.324,2.26,18.76,1.7600999,1.78,0.1113,0.22575001,0.50039,0.07512,0.03131,0.054,0.187,0.223,0.907,994.03,701.41,-0.07447308,1.544,1.151,154.895,21851000832.0,3660000000.0,buy,1.65517,957.56,1200.0,804.0,25.0,13606.0,NMS,EQUITY
HWM,Industrials,Aerospace & Defense,80016547840,United States,Howmet Aerospace Inc.,58.038013,62.615143,,16.079878,10.363496,80027844608.0,37.802,0.23,0.44,0.105299994,,0.18094,0.25037,0.32535,0.29982,0.105749995,0.092,0.538,0.53,1.454,200.0,98.83,0.90051675,2.309,0.904,67.989,3428000000.0,545000000.0,strong_buy,1.42857,211.98944,225.0,190.0,18.0,23930.0,NYQ,EQUITY
MDLZ,Consumer Defensive,Confectioners,79176523776,United States,"Mondelez International, Inc.",22.41392,17.83965,,3.022176,2.1340249,100240793600.0,17.103,3.23,2.0,0.6886,2.32,0.098129995,0.13001001,0.32548,0.13545999,0.03931,0.077,0.095,0.067,0.457,71.15,53.95,-0.1140815,0.641,0.309,81.933,21504999424.0,1504000000.0,buy,1.84615,72.20833,85.0,65.0,24.0,90000.0,NMS,EQUITY
ABNB,Consumer Cyclical,Travel Services,78081474560,United States,"Airbnb, Inc.",30.9551,28.341112,,10.046082,6.742787,68986044416.0,25.993,,,0.0,,0.22668,0.19767,0.8323,0.33262002,0.061079998,0.127,0.016,0.157,1.109,163.93,99.88,-0.03954804,1.232,0.613,29.324,2281999872.0,11356000256.0,hold,2.57778,137.96857,180.0,98.0,35.0,7300.0,NMS,EQUITY
ECL,Basic Materials,Specialty Chemicals,78045069312,United States,Ecolab Inc.,36.787434,36.689335,,11.730327,4.9634676,84560797696.0,22.712,0.94,2.6,0.3369,1.04,0.13585,0.14715,0.44013,0.24410999,0.07688,0.178,,,1.096,286.04,221.62,0.076694965,1.442,1.051,103.915,7000000000.0,1402400000.0,buy,2.08,288.3158,325.0,245.0,19.0,48000.0,NYQ,EQUITY
CTAS,Industrials,Specialty Business Services,77721018368,United States,Cintas Corporation,42.88248,41.324787,,16.387053,7.3622346,80314400768.0,28.902,0.93,1.8,0.36,0.93,0.17538,0.22731,0.50097,0.42187,0.15977,0.087,0.091,0.087,1.002,229.24,180.78,-0.07454693,2.239,1.034,56.254,2675266048.0,138143008.0,none,,217.4375,255.0,172.0,16.0,48300.0,NMS,EQUITY
ELV,Healthcare,Healthcare Plans,76547923968,United States,"Elevance Health, Inc.",14.035859,9.855222,,1.7400002,0.39291614,72734040064.0,8.15,1.98,6.84,0.2755,1.24,0.028399998,0.034649998,0.26261,0.12569,0.04242,0.123,0.22,0.17,0.59,458.75,273.71,-0.17618841,1.56,1.433,72.823,32102000640.0,36216000512.0,buy,1.85714,389.05264,507.0,297.0,19.0,104200.0,NYQ,EQUITY
TDG,Industrials,Aerospace & Defense,75950039040,United States,TransDigm Group Incorporated,44.792953,30.99862,,-15.169952,8.851986,96326983680.0,22.068,,,0.0,,0.22517,0.46804002,0.59755003,,0.112320006,0.093,0.064,0.067,1.002,1623.83,1183.6,-0.023313701,3.128,2.078,,25076000768.0,2812000000.0,strong_buy,1.5,1557.8948,1738.0,1370.0,19.0,16600.0,NYQ,EQUITY
BK,Financial Services,Banks - Diversified,74553581568,United States,The Bank of New York Mellon Corporation,15.449422,16.37213,,1.9095165,3.7779255,-22825736192.0,,1.98,2.12,0.27989998,2.77,0.26568002,0.37677,0.0,0.121520005,0.01194,0.1,0.253,0.223,1.127,110.87,70.46,0.39908493,,,,75156996096.0,177938006016.0,buy,2.11765,118.06667,133.0,90.0,15.0,49200.0,NYQ,EQUITY
EMR,Industrials,Specialty Industrial Machinery,74458439680,United States,Emerson Electric Co.,34.010284,20.933544,,3.7472386,4.1877637,85891907584.0,17.554,1.62,2.11,0.5418,2.14,0.14920999,0.2025,0.52705,0.09155,0.048520003,0.04,0.813,0.781,1.279,150.27,90.06,0.20182896,0.845,0.591,74.771,14869000192.0,2219000064.0,buy,1.81481,150.96153,183.0,111.0,26.0,73000.0,NYQ,EQUITY
ITW,Industrials,Specialty Industrial Machinery,74411204608,United States,Illinois Tool Works Inc.,22.43146,23.85701,,23.181076,4.7125525,81887838208.0,18.057,2.55,6.44,0.5268,2.21,0.21311001,0.26598,0.43743,1.09023,0.16344,0.006,0.016,-0.005,1.113,279.13,214.66,-0.010057509,1.585,1.045,278.325,8936999936.0,788000000.0,hold,3.27778,261.0,298.0,215.0,16.0,44000.0,NYQ,EQUITY
WMB,Energy,Oil & Gas Midstream,74137681920,United States,"The Williams Companies, Inc.",30.661615,29.047848,,5.97657,6.5244813,105979387904.0,17.584,3.22,2.0,0.98480004,5.12,0.21375999,0.34425998,0.6016,0.17393999,0.042680003,0.114,0.359,0.362,0.665,65.55,51.46,0.18129992,0.536,0.375,192.989,28572000256.0,903000000.0,buy,1.91667,66.94045,83.0,44.0,22.0,5829.0,NYQ,EQUITY
MSI,Technology,Communication Equipment,74107076608,United States,"Motorola Solutions, Inc.",35.81401,30.279783,,37.65428,6.6805263,79590612992.0,24.184,0.98,4.36,0.3419,1.17,0.19075,0.26727,0.5151,1.51517,0.12409,0.052,0.169,0.158,0.969,507.82,388.9,-0.03979546,1.728,1.45,419.96,8332000256.0,3206000128.0,buy,1.92857,502.77777,525.0,465.0,9.0,21000.0,NYQ,EQUITY
USB,Financial Services,Banks - Regional,73881214976,United States,U.S. Bancorp,10.865332,10.965704,,1.3068782,2.8401651,92258476032.0,,4.39,2.08,0.46220002,4.15,0.27632,0.39486,0.0,0.1172,0.01044,0.072,0.185,0.167,1.076,53.98,35.18,-0.023116589,,,,77983997952.0,66637000704.0,buy,2.04167,55.66957,70.0,50.0,23.0,70000.0,NYQ,EQUITY
MAR,Consumer Cyclical,Lodging,73784950784,United States,"Marriott International, Inc.",30.643744,25.642452,,-24.952723,10.877923,89720537088.0,20.41,0.99,2.68,0.2883,1.29,0.3637,0.68653,0.8169,,0.09375,0.059,0.033,-0.012,1.346,307.52,205.4,0.043893695,0.492,0.446,,16536000512.0,671000000.0,buy,2.42308,284.375,332.0,205.0,24.0,418000.0,NMS,EQUITY
UPS,Industrials,Integrated Freight & Logistics,73467338752,United States,"United Parcel Service, Inc.",12.89881,9.8388195,,4.66699,0.8134747,96456368128.0,8.39,7.53,6.56,0.9732,3.8,0.06345,0.09019,0.2155,0.34907,0.069699995,-0.027,-0.083,-0.089,1.078,145.01,82.0,-0.37058187,1.324,1.193,183.235,28909000704.0,6286000128.0,buy,2.25806,99.13333,120.0,75.0,30.0,490000.0,NYQ,EQUITY
GLW,Technology,Electronic Components,73433636864,United States,Corning Incorporated,91.19681,37.11039,,6.239083,5.1691985,79512895488.0,24.98,1.33,1.12,1.1915001,2.76,0.05765,0.14965999,0.35408002,0.082770005,0.04131,0.188,3.5,3.51,1.131,87.78,37.31,0.79747915,1.497,0.692,73.616,8498999808.0,1491000064.0,buy,1.69231,77.75,93.0,47.0,12.0,56300.0,NYQ,EQUITY
AON,Financial Services,Insurance Brokers,73424093184,Ireland,Aon plc,28.687027,19.581083,,9.364841,4.3830047,91176484864.0,17.164,0.87,2.98,0.2334,0.75,0.15538,0.23080999,0.46574003,0.37410998,0.052589998,0.105,0.081,0.105,0.887,412.97,323.73,-0.0385316,1.028,0.23,224.725,18178000896.0,1228999936.0,buy,2.09524,416.0,448.0,349.0,18.0,60000.0,NYQ,EQUITY
AJG,Financial Services,Insurance Brokers,72494333952,United States,Arthur J. Gallagher & Co.,42.71601,25.069149,,3.1492083,6.2757506,71677558784.0,21.873,0.92,2.6,0.3782,1.06,0.14207,0.17899,0.43729,0.09507,0.0211,0.117,0.102,0.291,0.73,351.23,275.56,-0.015684247,1.36,0.448,58.011,13375099904.0,14302199808.0,buy,1.94444,341.6,388.0,280.0,15.0,55493.0,NYQ,EQUITY
JCI,Industrials,Building Products & Equipment,71808983040,Ireland,Johnson Controls International plc,36.578335,26.189737,,4.536191,3.0684977,83155992576.0,20.836,1.47,1.6,0.49330002,2.03,0.09533,0.13665,0.36360002,0.11653,0.046329997,0.026,-0.266,-0.281,1.344,112.63,68.03,0.41217804,0.959,0.558,68.319,11644999680.0,731000000.0,buy,2.04762,117.88889,133.0,79.0,18.0,94000.0,NYQ,EQUITY
PNC,Financial Services,Banks - Regional,71405592576,United States,"The PNC Financial Services Group, Inc.",11.763412,12.123917,,1.2092899,3.2756362,100056399872.0,,3.75,6.8,0.41990003,3.48,0.29937,0.39788,0.0,0.11491,0.01163,0.108,0.247,0.213,1.109,216.26,145.12,-0.04096538,,,,62343999488.0,33318000640.0,buy,1.91304,221.9762,240.0,191.0,21.0,53686.0,NYQ,EQUITY
APO,Financial Services,Asset Management,70862675968,United States,"Apollo Global Management, Inc.",23.111938,14.608491,,3.953659,2.8146915,95205539840.0,,1.61,2.04,0.354,2.53,0.13382,0.15057999,0.41333,0.16735001,0.0136,0.132,-0.267,-0.261,1.668,189.49,102.58,-0.13507414,1.708,1.634,102.676,34766999552.0,27878000640.0,buy,1.8,152.21765,177.0,117.7,17.0,5333.0,NYQ,EQUITY
RSG,Industrials,Waste Management,69399330816,United States,"Republic Services, Inc.",32.833088,32.640236,,5.7552686,4.2404575,82807545856.0,16.104,1.12,2.5,0.3432,1.3,0.12972,0.20542999,0.43383,0.18414,0.0641,0.046,0.08,0.074,0.601,258.75,197.61,0.10792434,0.662,0.596,109.658,13216000000.0,122000000.0,buy,1.95833,255.31822,276.0009,189.0,22.0,42000.0,NYQ,EQUITY
TEL,Technology,Electronic Components,68956520448,Ireland,TE Connectivity plc,48.018517,25.958843,,5.576344,4.158767,73221808128.0,18.333,1.24,2.84,0.5473,1.61,0.087749995,0.19652,0.34992,0.11512,0.08291,0.139,0.151,0.113,1.254,237.5,116.3,0.5598829,1.525,0.823,48.355,6056000000.0,672000000.0,buy,1.72222,234.17647,290.0,155.0,17.0,85000.0,NYQ,EQUITY
MNST,Consumer Defensive,Beverages - Non-Alcoholic,67754348544,United States,Monster Beverage Corporation,43.099377,37.106953,,9.421589,8.846181,66069876736.0,28.946,,,0.0,,0.20542999,0.29912,0.55184,0.241,0.16301,0.111,0.22,0.149,0.541,70.72,45.7,0.30464077,3.519,2.856,0.911,65483000.0,2072179968.0,buy,2.16,68.0,79.0,50.0,22.0,5527.0,NMS,EQUITY
FI,Technology,Information Technology Services,67584937984,United States,"Fiserv, Inc.",20.825796,12.201179,,2.6823585,3.201257,97340047360.0,10.301,,,0.0,,0.16004999,0.30801,0.61136,0.12457,0.04533,0.08,0.216,0.148,0.95,238.59,117.84,-0.3838851,1.089,0.22,115.305,29706000384.0,999000000.0,buy,1.65714,171.85625,250.0,122.0,32.0,38000.0,NYQ,EQUITY
PYPL,Financial Services,Credit Services,66379698176,United States,"PayPal Holdings, Inc.",14.877945,14.2085905,,3.3018107,2.0556083,67196608512.0,10.281,,,0.0,,0.1449,0.19293,0.41682,0.22923,0.04614,0.051,0.194,0.118,1.446,93.66,55.85,-0.16365647,1.329,0.249,60.254,12172000256.0,10008000512.0,buy,2.45455,81.84545,120.0,62.0,33.0,24400.0,NMS,EQUITY
CSX,Industrials,Railroads,66171035648,United States,CSX Corporation,23.074677,17.504927,,5.188349,4.6853385,86081683456.0,13.166,1.45,0.52,0.3312,1.29,0.20548001,0.35071,0.46293,0.22589001,0.07007,-0.009,-0.196,-0.224,1.286,37.25,26.22,0.085196376,0.847,0.67,155.283,19811000320.0,618000000.0,buy,1.74074,39.2,45.0,27.0,25.0,23200.0,NMS,EQUITY
ADSK,Technology,Software - Application,65782919168,United States,"Autodesk, Inc.",64.2079,33.6427,,24.230347,9.959563,66133950464.0,40.105,,,0.0,0.48,0.15791,0.25865,0.92036,0.402,0.09272,0.171,0.123,0.11,1.491,329.09,232.67,0.07831478,0.764,0.606,100.7,2734000128.0,2236000000.0,buy,1.6,363.7143,430.0,300.0,28.0,15300.0,NMS,EQUITY
FTNT,Technology,Software - Infrastructure,65124720640,United States,"Fortinet, Inc.",33.86044,35.265434,,31.582943,10.275441,61397880832.0,29.433,,,0.0,,0.30603,0.28018,0.81289,1.65171,0.13018,0.136,0.163,0.159,1.098,114.82,70.12,0.05011165,1.328,1.21,52.839,1088700032.0,4562899968.0,hold,2.62791,90.47824,120.0,67.0,34.0,14898.0,NMS,EQUITY
WDAY,Technology,Software - Application,64589971456,United States,"Workday, Inc.",111.99537,29.145782,,7.0420933,7.209507,60425609216.0,54.585,,,0.0,,0.06507,0.10604999,0.75578004,0.06656,0.02815,0.126,0.714,0.727,1.104,294.0,205.33,0.02537787,2.105,1.993,41.169,3776000000.0,8185999872.0,buy,1.7,282.1265,340.0,230.0,37.0,19517.0,NMS,EQUITY
ZTS,Healthcare,Drug Manufacturers - Specialty & Generic,64562966528,United States,Zoetis Inc.,25.074009,22.977917,,12.994379,6.8793783,70561718272.0,17.801,1.36,2.0,0.3208,0.79,0.27832,0.4065,0.71497,0.52772,0.15444,0.042,0.175,0.151,0.902,188.25,139.34,-0.18947661,1.76,0.889,137.01,6818999808.0,1454000000.0,buy,1.83333,187.696,230.0,152.0,15.0,13800.0,NYQ,EQUITY
VST,Utilities,Utilities - Independent Power Producers,64375861248,United States,Vistra Corp.,30.497593,27.536232,,27.45268,3.4782722,83047981056.0,12.22,0.49,0.9,0.1428,2.15,0.12903,0.13976,0.40647,0.39298,0.06063,0.105,-0.1,-0.104,1.34,219.82,90.51,0.47977388,0.899,0.287,373.842,18079000576.0,483000000.0,buy,1.63158,226.44894,325.0,86.0,19.0,6850.0,NYQ,EQUITY
AZO,Consumer Cyclical,Auto Parts,64383479808,United States,"AutoZone, Inc.",26.699345,22.16266,,-18.85696,3.3995695,78636187648.0,18.882,,,0.0,,0.13191,0.19159001,0.52625,,0.12353,0.006,-0.056,-0.072,0.398,4388.11,2980.1,0.26766348,0.876,0.029,,12293651456.0,271803008.0,buy,1.59259,4569.773,4900.0,2900.0,22.0,,NYQ,EQUITY
COR,Healthcare,Medical Distribution,64177455104,United States,"Cencora, Inc.",34.020554,20.233496,,32.405285,0.20267351,72279924736.0,15.821,0.67,2.2,0.2218,1.13,0.00599,0.012200001,0.03401,1.16705,0.03103,0.087,0.455,0.422,0.629,331.73,223.92,0.4067018,0.905,0.497,459.175,10147275776.0,2231852032.0,buy,1.75,334.0,361.0,274.0,14.0,51000.0,NYQ,EQUITY
GM,Consumer Cyclical,Auto Manufacturers,62772240384,United States,General Motors Company,12.841604,6.366131,,0.9570338,0.33490318,168369635328.0,11.322,0.89,0.6,0.1031,4.06,0.01625,0.02214,0.09236,0.04442,0.017339999,-0.003,-0.496,-0.566,,68.4799,41.6,0.27674508,1.229,0.979,193.712,132503003136.0,29702000640.0,buy,2.07407,71.24,100.0,46.0,25.0,162000.0,NYQ,EQUITY
NSC,Industrials,Railroads,63874199552,United States,Norfolk Southern Corporation,19.220797,20.961708,,4.3239713,5.2450485,81428594688.0,13.446,1.87,5.4,0.3646,2.0,0.27509,0.37267,0.49729002,0.24129999,0.06751,0.022,0.049,0.042,1.32,302.24,201.63,0.13893926,0.793,0.662,121.059,17901000704.0,1303000064.0,buy,2.43478,312.5263,367.0,285.0,19.0,19600.0,NYQ,EQUITY
HLT,Consumer Cyclical,Lodging,63006203904,United States,Hilton Worldwide Holdings Inc.,39.39971,33.92616,,-13.924591,12.937618,75286945792.0,27.497,0.22,0.6,0.0871,0.8,0.34188998,0.60561,0.77515,,,0.035,0.29,0.221,1.189,279.81,196.04,0.1694231,,,,11692999680.0,371000000.0,buy,2.32,279.5,312.0,234.0,24.0,181000.0,NYQ,EQUITY
PWR,Industrials,Engineering & Construction,63327522816,United States,"Quanta Services, Inc.",66.09643,41.830708,,8.030991,2.4307256,66030841856.0,28.6,0.1,0.4,0.060500003,0.18,0.0373,0.05768,0.15037,0.13727,0.05151,0.211,0.206,0.218,1.038,446.6,227.08,0.33026755,1.368,1.212,64.907,5107389952.0,509460000.0,buy,1.93333,432.68,521.0,248.0,25.0,58400.0,NYQ,EQUITY
CL,Consumer Defensive,Household & Personal Products,63130128384,United States,Colgate-Palmolive Company,21.941011,20.235752,,89.884926,3.1568222,72240513024.0,14.975,2.6,2.08,0.56740004,2.29,0.14541,0.20861,0.60621,3.9804401,0.15562999,0.01,0.022,0.016,0.335,100.18,76.68,-0.19931823,0.885,0.47,832.51,8757999616.0,1412000000.0,buy,2.09524,90.21053,105.0,80.0,19.0,34000.0,NYQ,EQUITY
AEP,Utilities,Utilities - Regulated Electric,62116409344,United States,"American Electric Power Company, Inc.",17.005857,19.719866,,2.0785983,3.0056279,109997981696.0,12.831,3.17,3.72,0.5381,3.57,0.1766,0.28184,0.48759997,0.13013,0.031600002,0.111,2.578,2.602,0.464,120.46,89.91,0.17989743,0.552,0.293,150.555,46624600064.0,439300000.0,buy,2.47619,120.84375,133.0,108.5,16.0,16330.0,NMS,EQUITY
REGN,Healthcare,Biotechnology,60824072192,United States,"Regeneron Pharmaceuticals, Inc.",14.455416,12.665636,,1.9957573,4.279106,55865696256.0,12.507,0.6,3.52,0.0444,,0.31367,0.29641,0.47351003,0.15336001,0.06656,0.036,0.032,-0.028,0.307,952.02,476.49,-0.37050277,4.598,3.567,9.035,2705100032.0,7469599744.0,buy,1.73077,725.0536,900.0,543.0,25.0,15182.0,NMS,EQUITY
TRV,Financial Services,Insurance - Property & Casualty,59968368640,United States,"The Travelers Companies, Inc.",10.584252,12.651294,,1.8966587,1.2389134,61767294976.0,7.375,1.64,4.4,0.1692,2.02,0.121350005,0.19687,0.28395998,0.19809,0.034560002,0.048,0.52,0.498,0.519,287.95,230.23,0.04707122,0.338,0.205,29.318,9267000320.0,7390000128.0,buy,2.48,295.4,322.0,233.0,20.0,34000.0,NYQ,EQUITY
KMI,Energy,Oil & Gas Midstream,59818332160,United States,"Kinder Morgan, Inc.",22.065573,21.36508,,1.9588155,3.7459033,95275458560.0,14.176,4.25,1.17,0.9508,5.92,0.17058,0.28500998,0.49997002,0.08875,0.03827,0.132,0.241,0.243,0.788,31.48,23.94,0.10284114,0.684,0.424,102.275,32810999808.0,87000000.0,buy,2.0,31.1,38.0,24.0,20.0,10933.0,NYQ,EQUITY
SRE,Utilities,Utilities - Diversified,59906760704,United States,Sempra,22.231236,17.86284,,1.9438329,4.4921083,106330611712.0,19.464,2.8,2.58,0.61259997,3.13,0.20351,0.18433,0.41752,0.08641,0.01924,-0.004,-0.369,-0.348,0.661,95.77,61.9,0.07333565,0.484,0.275,101.705,38948999168.0,173000000.0,buy,2.0,94.28571,106.0,80.0,14.0,16773.0,NYQ,EQUITY
FCX,Basic Materials,Copper,59807166464,United States,Freeport-McMoRan Inc.,31.556816,19.284721,,3.2827644,2.3163116,75099873280.0,7.808,1.47,0.6,0.45450002,3.73,0.07452,0.32076,0.39167,0.14645,0.078660004,0.145,0.262,0.253,1.582,49.21,27.66,-0.12937659,2.465,1.068,30.841,9251000320.0,4489999872.0,buy,1.90476,47.165,55.0,25.0,20.0,28500.0,NYQ,EQUITY
URI,Industrials,Rental & Leasing Services,59837337600,United States,"United Rentals, Inc.",23.98762,19.84635,,7.044121,3.7994373,77701324800.0,17.175,0.72,7.16,0.18040001,,0.16108999,0.25615,0.39514,0.29302,0.08971,0.045,0.005,-0.022,1.727,1021.47,525.91,0.20183277,0.859,0.711,159.989,14455000064.0,548000000.0,buy,2.0,1017.2,1400.0,600.0,20.0,27900.0,NYQ,EQUITY
MPC,Energy,Oil & Gas Refining & Marketing,59568222208,United States,Marathon Petroleum Corporation,28.478924,19.209314,,3.5830407,0.44499725,92321988608.0,11.982,1.93,3.64,0.51669997,2.78,0.01595,0.058229998,0.08796,0.14628,0.03398,-0.108,-0.086,-0.197,0.883,201.61,115.1,0.23325479,1.232,0.665,129.105,30034999296.0,1672999936.0,buy,2.2,196.10526,220.0,155.0,19.0,18300.0,NYQ,EQUITY
DLR,Real Estate,REIT - Specialty,60441919488,United States,"Digital Realty Trust, Inc.",45.675198,143.82025,,2.6702037,10.630938,77969637376.0,30.175,2.83,4.88,1.2808,3.45,0.24323,0.15001,0.54517,0.05835,0.01028,0.126,13.786,11.867,0.974,198.0,129.95,0.044086456,1.602,1.563,80.668,20055508992.0,3565385984.0,buy,1.73333,196.07407,220.0,141.0,27.0,3936.0,NYQ,EQUITY
EOG,Energy,Oil & Gas E&P,58874470400,United States,"EOG Resources, Inc.",10.458777,9.749548,,2.0136323,2.5824401,57369960448.0,4.859,3.84,4.08,0.3657,2.56,0.25143,0.32806,0.61716,0.19631,0.100200005,-0.113,-0.166,-0.204,0.76,138.18,102.52,-0.1464963,1.786,1.492,15.719,4595999744.0,5216000000.0,buy,2.12121,137.5,161.0,114.0,30.0,3150.0,NYQ,EQUITY
SPG,Real Estate,REIT - Retail,67554000896,United States,"Simon Property Group, Inc.",27.72291,26.414454,,24.253792,11.194791,84130922496.0,18.813,4.78,8.6,1.2906,5.35,0.35057998,0.49664003,0.82174003,0.73077005,0.05766,0.028,0.125,0.127,1.531,190.14,136.34,0.03794694,0.375,0.375,838.545,25920014336.0,1231437056.0,buy,2.35,187.2,225.0,169.0,20.0,2600.0,NYQ,EQUITY
AFL,Financial Services,Insurance - Life,57542516736,United States,Aflac Incorporated,24.231981,15.005578,,2.1154563,3.6167517,63302578176.0,18.37,2.15,2.32,0.48650002,2.22,0.15317,0.2101,0.41389,0.09154,0.01733,-0.19,-0.642,-0.659,0.849,115.43,96.95,-0.037139535,1.219,1.111,55.055,14974999552.0,9354000384.0,hold,2.92308,110.0,130.0,99.0,13.0,12694.0,NYQ,EQUITY
CMI,Industrials,Specialty Industrial Machinery,57255608320,United States,Cummins Inc.,19.472353,18.452044,,4.856709,1.6979717,62985949184.0,12.082,1.96,8.0,0.3413,2.42,0.08722,0.13016,0.25958002,0.2615,0.07891,-0.017,0.222,0.226,1.038,440.51,260.02,0.2270813,1.642,0.867,68.065,8762000384.0,3073999872.0,buy,2.42857,444.74243,500.0,350.0,17.0,69600.0,NYQ,EQUITY
APD,Basic Materials,Specialty Chemicals,56141377536,United States,"Air Products and Chemicals, Inc.",35.832386,17.802399,,3.6132634,4.655983,74609254400.0,17.076,2.83,7.16,1.0099,2.34,0.12859,0.24295999,0.31871,0.09336001,0.045100003,0.012,0.024,0.025,0.839,341.14,243.69,-0.21406394,1.292,1.025,103.39,18370400256.0,2331099904.0,buy,1.86957,319.7143,350.0,275.0,21.0,21850.0,NYQ,EQUITY
CMG,Consumer Cyclical,Restaurants,56149557248,United States,"Chipotle Mexican Grill, Inc.",37.05752,31.96565,,15.922052,4.849872,59028320256.0,25.278,,,0.0,,0.13317999,0.18428,0.40165,0.42593,0.13668,0.03,-0.03,-0.043,0.994,66.74,38.3,-0.29996634,1.651,1.53,135.497,4780585984.0,1546492032.0,buy,1.58333,54.9697,110.0,43.0,33.0,130000.0,NYQ,EQUITY
TFC,Financial Services,Banks - Regional,56037367808,United States,Truist Financial Corporation,11.743968,11.089873,,0.93802863,3.0655017,87223123968.0,,4.77,2.08,0.55759996,4.59,0.28605,0.39318,0.0,0.07982,0.00982,0.025,0.048,0.007,0.855,49.06,33.56,0.004145503,,,,71105003520.0,45563998208.0,buy,2.04762,50.48095,60.0,46.1,21.0,38534.0,NYQ,EQUITY
AXON,Industrials,Aerospace & Defense,56029405184,United States,"Axon Enterprise, Inc.",175.35872,115.114525,,20.505373,23.427681,54859337728.0,631.976,,,0.0,,0.13644,0.00025,0.60578,0.14001,0.00245,0.328,-0.17,-0.129,1.415,885.92,422.38,0.5821674,2.952,2.561,75.079,2051459968.0,2230799872.0,buy,1.61111,888.93335,1000.0,800.0,15.0,4100.0,NMS,EQUITY
FDX,Industrials,Integrated Freight & Logistics,55871889408,United States,FedEx Corporation,13.871705,10.408351,,2.012254,0.6306723,,,2.42,5.8,0.32770002,1.72,0.046529997,0.0764,0.27446,0.15004,0.048839998,0.139,-0.133,-0.107,1.288,308.53,194.3,-0.12262249,1.246,1.144,,,,buy,2.0,266.17242,320.0,200.0,29.0,300000.0,NYQ,EQUITY
NXPI,Technology,Semiconductors,55397138432,Netherlands,NXP Semiconductors N.V.,26.220762,16.811783,,5.7892237,4.569967,63424204800.0,15.42,1.87,4.06,0.4834,1.57,0.17719999,0.25768998,0.557,0.22695999,0.083909996,-0.064,-0.311,-0.324,1.447,256.62,148.09,-0.09160882,1.736,0.958,115.519,11477999616.0,3169999872.0,buy,1.5625,258.4344,289.0,210.0,32.0,33100.0,NMS,EQUITY
O,Real Estate,REIT - Retail,54954369024,United States,Realty Income Corporation,58.35437,37.801888,,1.4035354,10.033363,83460718592.0,17.013,5.37,3.23,3.0942001,4.93,0.16721001,0.42988998,0.9265,0.02358,0.02164,0.054,-0.248,-0.241,0.787,64.68,50.71,-0.04801768,1.504,1.04,73.557,28954505216.0,809246976.0,hold,2.56,63.2619,75.0,59.0,21.0,468.0,NYQ,EQUITY
LHX,Industrials,Aerospace & Defense,54772002816,United States,"L3Harris Technologies, Inc.",32.672993,20.343988,,2.8384025,2.5626726,65684783104.0,16.462,1.66,4.8,0.5274,2.0,0.0794,0.12827,0.25738,0.08926,0.04126,0.024,0.271,0.251,0.762,308.12,193.09,0.18347871,1.039,0.802,62.776,12101999616.0,482000000.0,buy,1.7,323.27777,355.0,263.0,18.0,47000.0,NYQ,EQUITY
PSX,Energy,Oil & Gas Refining & Marketing,54661844992,United States,Phillips 66,32.20476,14.252897,,1.9883573,0.41109642,74120929280.0,19.424,3.65,4.8,1.1044999,4.03,0.012920001,0.0442,0.09988,0.06183,0.013040001,-0.126,-0.098,-0.136,1.094,142.35,91.01,0.02264762,1.071,0.629,73.13,20935000064.0,1052000000.0,buy,2.14286,145.55,170.0,129.0,20.0,13200.0,NYQ,EQUITY
DDOG,Technology,Software - Application,53717209088,United States,"Datadog, Inc.",440.08572,75.87685,,16.802662,17.810415,51133444096.0,1716.867,,,0.0,,0.04131,-0.042940002,0.79941005,0.04447,-0.00223,0.281,-0.936,-0.94,1.214,170.08,81.63,0.24473321,3.432,3.337,39.566,1264427008.0,3910970112.0,buy,1.53333,168.07787,230.0,105.0,42.0,6500.0,NMS,EQUITY
VLO,Energy,Oil & Gas Refining & Marketing,53568786432,United States,Valero Energy Corporation,69.53226,17.86943,,2.2248313,0.45571452,59264196608.0,11.731,2.79,4.52,1.7742,3.92,0.0064999997,0.03603,0.05076,0.02757,0.021979999,-0.146,-0.158,-0.189,1.026,178.43,99.0,0.23226249,1.622,1.004,39.511,10647000064.0,4536999936.0,buy,1.85714,175.63158,216.0,138.0,19.0,9898.0,NYQ,EQUITY
PSA,Real Estate,REIT - Industrial,53461356544,United States,Public Storage,33.228462,28.664627,,10.644344,11.235836,68334346240.0,20.381,3.86,12.0,1.3086,3.33,0.38064,0.47577998,0.72709,0.18917999,0.06899,0.016,-0.338,-0.308,0.876,355.87,256.6,-0.08135104,0.611,0.611,110.172,10440279040.0,1104603008.0,buy,1.90476,323.6316,350.0,287.0,19.0,5900.0,NYQ,EQUITY
BDX,Healthcare,Medical Instruments & Supplies,53421625344,United States,"Becton, Dickinson and Company",34.073128,11.848698,,2.097268,2.4979718,72501493760.0,12.249,2.21,4.16,0.74410003,1.51,0.07411,0.17807,0.47157001,0.061750002,0.0396,0.104,0.19,0.179,0.28,251.99,163.33,-0.21167547,1.103,0.453,75.93,19341000704.0,757000000.0,buy,2.42857,208.27274,270.0,183.0,11.0,70000.0,NYQ,EQUITY
SLB,Energy,Oil & Gas Equipment & Services,53445120000,United States,SLB N.V.,13.920235,9.747956,,1.9852941,1.5163026,61321601024.0,7.997,3.27,1.14,0.4397,2.19,0.10341,0.15479,0.19307,0.15182,0.0686,-0.025,-0.398,-0.377,0.975,44.97,31.11,-0.15393937,1.387,0.904,47.418,12766000128.0,3584999936.0,strong_buy,1.44828,45.16429,62.0,36.0,28.0,110000.0,NYQ,EQUITY
WBD,Communication Services,Entertainment,52932005888,United States,"Warner Bros. Discovery, Inc.",68.967735,-164.46153,,1.4679025,1.3769674,81839603712.0,10.266,,,0.0,,0.01998,-0.00601,0.44296002,0.01759,0.00937,0.01,,,1.737,21.465,7.35,1.7300532,1.044,0.623,92.733,34631999488.0,4917000192.0,buy,2.25,19.445,25.0,10.0,20.0,35000.0,NMS,EQUITY
MET,Financial Services,Insurance - Life,52038287360,United States,"MetLife, Inc.",13.28523,8.0753355,,1.8847702,0.71274585,70109446144.0,9.673,2.89,2.27,0.3739,3.03,0.058720004,0.05606,0.25726,0.15508,0.00593,-0.027,-0.195,-0.229,0.849,89.05,65.21,-0.068752944,1.608,1.364,172.245,48102998016.0,30479998976.0,buy,1.88235,93.33333,108.0,72.0,15.0,45000.0,NYQ,EQUITY
D,Utilities,Utilities - Regulated Electric,51739410432,United States,"Dominion Energy, Inc.",20.141195,17.93639,,1.9719936,3.397873,103012106240.0,12.881,4.38,2.67,0.88699996,4.48,0.16962999,0.32493,0.49273998,0.091400005,0.03266,0.093,0.381,0.35,0.609,62.52,48.07,0.0021392107,0.666,0.281,151.441,46753001472.0,363000000.0,hold,2.94118,62.92308,67.0,54.0,13.0,14700.0,NYQ,EQUITY
PCAR,Industrials,Farm & Heavy Construction Machinery,51645542400,United States,PACCAR Inc,19.281372,12.672035,,2.6664224,1.7488289,60795060224.0,16.16,1.32,1.32,0.2529,1.32,0.091120005,0.09533,0.14876,0.14151,0.04952,-0.19,-0.395,-0.393,0.946,118.81,84.65,-0.048073232,1.822,1.511,90.088,17448699904.0,9068600320.0,buy,2.31579,106.66667,127.0,90.0,15.0,30100.0,NMS,EQUITY
ALL,Financial Services,Insurance - Property & Casualty,51330838528,United States,The Allstate Corporation,9.167059,10.236468,,2.3356755,0.7751795,50771202048.0,6.84,2.05,4.0,0.18059999,2.35,0.087919995,0.11590999,0.24591999,0.27005,0.038310003,0.058,5.867,5.372,0.377,215.7,176.0,0.014531255,0.444,0.294,33.705,8090999808.0,10634999808.0,buy,1.91304,232.4,288.0,157.0,20.0,55000.0,NYQ,EQUITY
ROP,Technology,Software - Application,51183288320,United States,"Roper Technologies, Inc.",33.376842,23.757242,,2.6068797,6.853589,63386656768.0,21.492,0.65,3.3,0.2212,0.54,0.20616,0.28211,0.68867993,0.081520006,0.04153,0.132,0.119,0.122,1.001,595.17,456.985,-0.061151087,0.464,0.365,45.121,8858999808.0,242400000.0,buy,1.88889,620.8,704.0,460.0,15.0,18200.0,NMS,EQUITY
MPWR,Technology,Semiconductors,50750910464,United States,"Monolithic Power Systems, Inc.",27.704443,61.681892,,14.917716,19.949947,46832885760.0,66.438,0.62,6.24,0.147,0.64,0.73167,0.24791999,0.55312,0.665,0.12478,0.31,0.356,0.332,1.275,1076.0,438.86,0.11262953,5.003,3.496,0.585,19912000.0,1146077056.0,buy,1.5625,1021.5714,1250.0,800.0,14.0,4017.0,NMS,EQUITY
IDXX,Healthcare,Diagnostics & Research,50817380352,United States,"IDEXX Laboratories, Inc.",52.755814,53.108696,,34.898083,12.585678,51778052096.0,37.175,,,0.0,,0.24410999,0.33624,0.6154,0.64865,0.23259,0.106,0.488,0.446,1.578,688.12,356.14,0.40133107,1.113,0.677,84.813,1237271040.0,164594000.0,buy,2.28571,679.9167,785.0,420.0,12.0,11000.0,NMS,EQUITY
NDAQ,Financial Services,Financial Data & Stock Exchanges,50780880896,United States,"Nasdaq, Inc.",31.607143,28.184713,,4.219912,6.217052,59153887232.0,19.797,1.24,1.08,0.3643,1.31,0.19895001,0.31614,0.62243,0.14054,0.048270002,0.029,0.377,0.382,0.989,97.63,64.84,0.16188192,0.986,0.18,79.401,9552000000.0,523000000.0,buy,1.95,102.66667,115.0,74.0,18.0,9162.0,NMS,EQUITY
ROST,Consumer Cyclical,Apparel Retail,50637729792,United States,"Ross Stores, Inc.",24.714285,23.273542,,8.841567,2.355489,51972526080.0,17.033,1.04,1.62,0.24520001,0.97,0.09596,0.115439996,0.32647,0.37979,0.11054,0.046,-0.019,-0.036,1.183,158.69,122.36,0.08082843,1.577,0.924,88.407,5067982848.0,3847015936.0,buy,1.75,162.29411,175.0,130.0,17.0,107000.0,NMS,EQUITY
EA,Communication Services,Electronic Gaming & Multimedia,50027110400,United States,Electronic Arts Inc.,50.28446,23.521103,,8.280437,6.6934857,50808115200.0,27.583,0.38,0.76,0.19,,0.13942,0.16218,0.79140997,0.15458,0.07626,0.007,-0.24,-0.282,0.767,203.75,115.21,0.3841964,0.837,0.712,36.32,2208999936.0,1630000000.0,hold,2.65217,199.83157,250.0,160.0,19.0,14500.0,NMS,EQUITY
FAST,Industrials,Industrial Distribution,49308135424,United States,Fastenal Company,40.140186,19.611872,,12.662147,6.1653666,49135521792.0,27.369,2.07,0.88,0.7981,2.16,0.15336001,0.20696,0.45147,0.32742,0.205,0.117,0.115,0.125,0.94,50.63,35.305,0.1266861,4.259,1.964,13.283,517300000.0,288100000.0,hold,2.83333,44.09091,49.0,31.0,11.0,21568.0,NMS,EQUITY
F,Consumer Cyclical,Auto Manufacturers,49310470144,United States,Ford Motor Company,15.884617,7.0800004,,1.0944263,0.2660523,181451669504.0,21.22,4.83,0.6,0.9615,5.76,0.01701,0.010720001,0.07221,0.07152,0.00634,0.05,,,1.542,12.8,8.44,0.105871916,1.101,0.911,355.447,160238993408.0,28280999936.0,hold,2.90909,11.5,16.0,9.5,20.0,169000.0,NYQ,EQUITY
CBRE,Real Estate,Real Estate Services,49225900032,United States,"CBRE Group, Inc.",46.60141,27.5725,,5.874614,1.2918828,57074495488.0,22.55,,,0.0,,0.02861,0.04408,0.19468,0.12946999,0.043470003,0.162,0.714,0.654,1.363,171.0,108.45,0.22674155,1.126,0.885,108.184,9729000448.0,1395000064.0,buy,1.91667,172.45454,197.0,115.0,11.0,140000.0,NYQ,EQUITY
CARR,Industrials,Building Products & Equipment,48406179840,United States,Carrier Global Corporation,32.689655,18.710527,,3.2909048,2.1553082,58685034496.0,16.056,1.59,0.9,0.3678,1.17,0.17812,0.14297,0.26915002,0.11377,0.03809,0.03,-0.733,-0.747,1.254,81.09,54.22,-0.22167355,1.166,0.722,79.173,11886999552.0,1796999936.0,buy,2.0,74.2925,90.0,60.0,20.0,48000.0,NYQ,EQUITY
GRMN,Technology,Scientific & Technical Instruments,48311169024,Switzerland,Garmin Ltd.,31.022867,33.64276,,5.947416,7.1484776,45254336512.0,23.292,1.45,3.6,0.38889998,2.14,0.23208,0.26028,0.58937,0.20733,0.11445,0.204,0.327,0.333,0.988,261.69,161.28,0.52874696,3.012,1.871,2.335,189708000.0,2587246080.0,none,,218.33333,305.0,167.0,6.0,21800.0,NYQ,EQUITY
EXC,Utilities,Utilities - Regulated Electric,48156192768,United States,Exelon Corporation,18.129276,18.129276,,1.7435185,2.0262642,96717488128.0,12.541,3.33,1.6,0.59319997,3.5,0.111669995,0.17284,0.4182,0.09871,0.0273,0.012,-0.135,-0.127,0.486,48.51,35.94,0.18177354,0.948,0.566,176.868,48851001344.0,724000000.0,buy,2.5,49.33333,57.0,42.0,15.0,20000.0,NMS,EQUITY
STX,Technology,Computer Hardware,47849709568,Singapore,Seagate Technology Holdings plc,33.18759,23.162886,,-105.48356,5.259944,50218225664.0,23.046,1.34,2.88,0.4225,3.43,0.16148001,0.23895,0.35319,,0.1529,0.295,-0.061,-0.049,1.649,264.83,63.19,1.0681863,1.38,0.744,,5373000192.0,891000000.0,buy,1.82609,239.85,350.0,80.0,20.0,30000.0,NMS,EQUITY
BKR,Energy,Oil & Gas Equipment & Services,47795417088,United States,Baker Hughes Company,15.843138,18.863813,,2.6996324,1.7311535,49750081536.0,10.642,1.95,0.92,0.2876,2.59,0.1104,0.12836,0.21424,0.18363,0.05846,-0.032,0.223,0.211,0.98,50.93,33.6,0.28602505,1.408,0.767,33.77,6033999872.0,3087000064.0,buy,1.86957,51.74714,58.0,40.0,21.0,57000.0,NMS,EQUITY
XEL,Utilities,Utilities - Regulated Electric,47432376320,United States,Xcel Energy Inc.,22.216066,20.939947,,2.262022,3.398465,79644180480.0,14.486,2.83,2.28,0.6191,3.02,0.14852999,0.17676,0.44494,0.10654,0.02207,0.086,0.389,0.47,0.378,83.01,62.58,0.23928738,0.963,0.619,159.282,33386999808.0,1464999936.0,buy,1.52941,85.6875,96.0,65.0,16.0,11380.0,NMS,EQUITY
DHI,Consumer Cyclical,Residential Construction,47362883584,United States,"D.R. Horton, Inc.",12.770901,9.973006,,1.974546,1.3698514,52722622464.0,10.088,1.01,1.6,0.12060001,0.93,0.114630006,0.14564,0.2358,0.16098,0.0896,-0.074,-0.18,-0.243,1.397,184.55,110.44,-0.13404489,6.526,0.559,29.937,7362400256.0,2345999872.0,buy,2.45,164.0,199.0,110.0,15.0,14766.0,NYQ,EQUITY
XYZ,Technology,Software - Infrastructure,47389057024,United States,"Block, Inc.",16.61111,21.798502,,2.140949,1.988245,45586272256.0,28.741,,,0.0,,0.124110006,0.08179,0.39644,0.14163,0.02159,-0.016,1.811,1.758,2.715,99.26,44.27,0.046450734,1.957,1.073,27.675,6122475008.0,6781575168.0,buy,1.93478,88.4,105.0,58.0,38.0,12000.0,NYQ,EQUITY
TTWO,Communication Services,Electronic Gaming & Multimedia,47040827392,United States,"Take-Two Interactive Software, Inc.",,32.52615,,13.508767,8.111607,48615006208.0,80.931,,,0.0,,-0.7292,0.011569999,0.59501,-0.89287,-0.016490001,0.124,,,1.017,264.79,158.65,0.58476996,1.165,0.986,100.747,3506899968.0,2035100032.0,strong_buy,1.33333,271.84286,316.0,150.0,28.0,12928.0,NMS,EQUITY
GWW,Industrials,Industrial Distribution,46134198272,United States,"W.W. Grainger, Inc.",24.479694,22.904299,,12.577264,2.639105,48842612736.0,16.557,0.93,9.04,0.2134,1.09,0.10995,0.14887999,0.39248002,0.52412,0.19549999,0.056,0.048,0.026,1.165,1227.66,893.99,-0.10553402,2.822,1.533,66.838,2728999936.0,597000000.0,hold,2.9,1042.8572,1224.0,930.0,14.0,23500.0,NYQ,EQUITY
KR,Consumer Defensive,Grocery Stores,45333819392,United States,The Kroger Co.,17.362946,14.936683,,5.544659,0.30839333,71602798592.0,8.921,2.04,1.4,0.32490003,2.0,0.018550001,0.028900001,0.23915,0.25049,0.05533,0.001,0.422,0.307,0.566,74.9,55.6,0.21008992,0.946,0.425,271.402,25177999360.0,4882999808.0,buy,2.12,76.18182,85.0,65.0,22.0,400000.0,NYQ,EQUITY
PAYX,Technology,Software - Application,45058744320,United States,"Paychex, Inc.",28.071749,23.667295,,11.3477745,7.777868,48916897792.0,18.614,3.41,4.32,0.9238,2.63,0.27855,0.36727002,0.72827005,0.41266,0.108100004,0.168,-0.102,-0.102,0.913,161.24,119.02,-0.106366456,1.268,0.515,126.47,5021599744.0,1670899968.0,hold,3.17647,135.0,150.0,122.0,14.0,19000.0,NMS,EQUITY
EW,Healthcare,Medical Devices,44872056832,United States,Edwards Lifesciences Corporation,31.979078,31.195917,,4.2610245,7.892923,41814364160.0,24.02,,,0.0,,0.72956,0.28123,0.78873,0.15533,0.08420999,0.119,-0.075,-0.09,1.047,83.0,64.89,0.09225297,4.682,3.534,6.624,702600000.0,4062200064.0,buy,2.15152,87.13517,100.0,72.0,29.0,15800.0,NYQ,EQUITY
AMP,Financial Services,Asset Management,44756369408,United States,"Ameriprise Financial, Inc.",14.790032,12.28993,,7.3695326,2.4618466,39895883776.0,,1.35,6.4,0.1882,1.51,0.17739001,0.36303002,0.56463003,0.58239,0.022,0.022,0.338,0.279,1.257,582.05,396.14,-0.06239462,2.588,1.701,57.793,3515000064.0,8185999872.0,hold,2.57143,550.2727,650.0,434.0,11.0,13600.0,NYQ,EQUITY
OKE,Energy,Oil & Gas Midstream,44029390848,United States,"ONEOK, Inc.",13.6286545,11.711056,,2.0168757,1.5751221,76268716032.0,11.146,5.92,4.12,0.7875,5.98,0.110649996,0.18423,0.33682,0.16766001,0.06278,0.612,0.008,0.078,1.001,118.07,66.56,-0.28567028,0.586,0.388,148.224,32466999296.0,97000000.0,buy,2.05,91.78947,114.0,75.0,19.0,5177.0,NYQ,EQUITY
AIG,Financial Services,Insurance - Diversified,43672678400,United States,"American International Group, Inc.",14.734767,11.748286,,1.0632722,1.5941261,41094062080.0,5.01,2.28,1.8,0.3084,2.29,0.11677,0.23827,0.33235002,0.07604,0.01725,0.083,,,0.686,88.07,69.24,0.01622045,0.632,0.234,22.293,9258000384.0,11925000192.0,buy,2.35,88.83333,99.0,79.0,18.0,22200.0,NYQ,EQUITY
EBAY,Consumer Cyclical,Internet Retail,43574947840,United States,eBay Inc.,21.188889,18.266283,,9.216123,4.161886,46996090880.0,18.524,1.22,1.16,0.2489,1.65,0.2086,0.17729001,0.71882004,0.42632,0.07108,0.061,0.769,0.643,1.305,101.15,56.33,0.49976408,0.996,0.904,150.811,7161999872.0,3750000128.0,hold,2.72727,90.21429,102.0,63.0,28.0,11500.0,NMS,EQUITY
CPRT,Industrials,Specialty Business Services,43504373760,United States,"Copart, Inc.",28.273586,25.836208,,4.7340984,9.361903,82295480320.0,42.084,,,0.0,,0.33408,0.36672002,0.47172,0.18481001,0.118310004,0.052,0.242,0.229,1.034,64.38,43.32,-0.12553525,8.422,7.335,1.127,103739000.0,4789069824.0,buy,2.18182,56.0,65.0,46.0,8.0,13800.0,NMS,EQUITY
AME,Industrials,Specialty Industrial Machinery,43382390784,United States,"AMETEK, Inc.",30.247986,25.731506,,4.175893,6.2150707,44291612672.0,20.092,0.67,1.24,0.19,0.62,0.20596,0.25483,0.35705003,0.14639,0.07501,0.025,0.069,0.061,1.109,198.33,145.02,0.11021733,1.633,0.964,21.164,2198699008.0,619712000.0,buy,1.94444,206.70589,229.0,168.0,17.0,21500.0,NYQ,EQUITY
CTVA,Basic Materials,Agricultural Inputs,42973450240,United States,"Corteva, Inc.",29.16129,19.713394,,1.6605436,2.501802,44594790400.0,12.492,1.14,0.72,0.3134,1.1,0.08156,0.28284,0.45654,0.0574,0.035520002,0.056,0.274,0.248,0.765,77.41,53.4,0.038499475,1.682,1.14,13.877,3628999936.0,2140999936.0,buy,1.65217,78.09524,90.0,67.0,21.0,22000.0,NYQ,EQUITY
ETR,Utilities,Utilities - Regulated Electric,42899910656,United States,Entergy Corporation,23.846151,12.41602,,2.645998,3.4857774,72400429056.0,12.859,2.5,2.4,0.5868,3.64,0.14300999,0.25529,0.4905,0.111999996,0.03205,0.127,8.545,8.565,0.605,98.58,66.85,0.39666831,0.797,0.436,183.959,30405443584.0,1175630976.0,buy,1.89474,99.68941,116.0,67.0,17.0,12000.0,NYQ,EQUITY
WDC,Technology,Computer Hardware,42875080704,United States,Western Digital Corporation,28.106697,14.196912,,8.124906,4.503685,,,0.33,0.4,0.0225,3.23,0.19841999,0.15403,0.38782,0.19811001,0.06995,,,,1.834,137.4,28.83,1.403224,1.081,0.73,,,,buy,1.65385,127.13043,190.0,62.0,23.0,40000.0,NMS,EQUITY
FANG,Energy,Oil & Gas E&P,42765783040,United States,"Diamondback Energy, Inc.",10.705072,10.090846,,1.1062603,3.1890965,60086083584.0,6.17,2.74,3.9,0.3797,4.11,0.28613,0.27926,0.75421,0.13784,0.06365,0.413,-0.489,-0.165,1.015,186.07,114.0,-0.21353161,0.55,0.466,35.449,15178999808.0,219000000.0,strong_buy,1.44828,178.75,222.0,143.0,28.0,1983.0,NMS,EQUITY
TGT,Consumer Defensive,Discount Stores,42495406080,United States,Target Corporation,10.899767,8.898191,,2.7558565,0.40226623,58783608832.0,6.782,4.85,4.56,0.5221,2.62,0.03718,0.05434,0.27833998,0.26319,0.06138,-0.009,-0.202,-0.216,1.177,158.42,85.36,-0.37395126,0.99,0.226,132.309,20401999872.0,4341000192.0,hold,2.75676,101.51515,130.0,80.0,33.0,440000.0,NYQ,EQUITY
OXY,Energy,Oil & Gas E&P,42266923008,United States,Occidental Petroleum Corporation,25.255882,13.587026,,1.5406008,1.5567927,71669669888.0,5.424,2.3,0.96,0.5412,1.55,0.09002,0.14874,0.63941,0.071100004,0.03988,-0.059,-0.748,-0.606,0.951,53.2,34.78,-0.18734175,1.048,0.751,66.823,24174000128.0,2326000128.0,hold,2.75,50.52174,63.0,38.0,23.0,13323.0,NYQ,EQUITY
CCI,Real Estate,REIT - Specialty,42231885824,United States,Crown Castle Inc.,,36.18657,,-316.92813,6.529358,72017428480.0,18.311,4.35,4.25,2.2199001,4.61,-0.71707,0.47924998,0.71475,-1.83279,0.040349998,-0.042,0.159,0.159,0.963,115.76,84.2,-0.12337369,0.282,0.105,,29565999104.0,94000000.0,buy,1.9,116.06105,127.0,102.0,19.0,3900.0,NYQ,EQUITY
A,Healthcare,Diagnostics & Research,41668890624,United States,"Agilent Technologies, Inc.",34.421543,26.014158,,6.5434957,6.1386113,43413209088.0,23.62,0.68,0.99,0.229,0.66,0.17973,0.23188,0.52577996,0.19881001,0.08354,0.101,0.216,0.191,1.262,153.84,96.43,0.11615276,2.248,1.542,56.421,3593999872.0,1535000064.0,buy,2.0,149.9,170.0,122.5,15.0,18000.0,NYQ,EQUITY
MSCI,Financial Services,Financial Data & Stock Exchanges,41521532928,United States,MSCI Inc.,35.519196,31.496183,,-46.852467,13.902056,45904150528.0,26.573,1.34,7.2,0.45060003,0.94,0.39464,0.54545,0.82181,,0.18545,0.091,0.163,0.138,1.332,642.45,486.74,-0.089182556,0.865,0.772,,4655508992.0,343683008.0,buy,1.84211,627.8125,700.0,520.0,16.0,6208.0,NYQ,EQUITY
PEG,Utilities,Utilities - Regulated Electric,41306333184,United States,Public Service Enterprise Group Incorporated,20.900251,20.33538,,2.4773264,3.7099276,65064894464.0,15.481,3.01,2.52,0.62119997,3.26,0.17783001,0.29697,0.35351002,0.12186,0.03199,0.158,0.345,0.348,0.538,95.22,74.67,-0.07404131,1.001,0.556,140.561,23433000960.0,186000000.0,buy,2.35,90.96875,109.0,71.0,16.0,13047.0,NYQ,EQUITY
YUM,Consumer Cyclical,Restaurants,40520208384,United States,"Yum! Brands, Inc.",28.796843,24.013159,,-5.284877,5.1239514,52541210624.0,19.037,1.93,2.84,0.5444,1.8,0.18121,0.33540002,0.46243998,,0.24150999,0.096,0.039,0.019,0.721,163.3,122.13,0.10678887,0.819,0.668,,12314999808.0,677000000.0,buy,2.4,161.36,200.0,142.0,25.0,40000.0,NYQ,EQUITY
ROK,Industrials,Specialty Industrial Machinery,39752306688,United States,"Rockwell Automation, Inc.",41.546413,31.014036,,11.479221,4.931314,42930769920.0,26.972,1.5,5.24,0.608,1.67,0.12039,0.17631,0.39534,0.26847,0.07159,0.045,0.287,0.272,1.404,360.92,215.0,0.30865216,1.06,0.64,106.808,3875000064.0,495000000.0,buy,2.14815,355.84,410.0,229.0,25.0,27000.0,NYQ,EQUITY
KMB,Consumer Defensive,Household & Personal Products,39232978944,United States,Kimberly-Clark Corporation,16.17647,15.498034,,30.882736,1.9897037,46659264512.0,12.192,4.19,5.04,0.6785,3.53,0.12324,0.16214001,0.36003,1.84203,0.1109,-0.016,-0.05,-0.064,0.306,150.45,117.485,-0.122618794,0.775,0.368,518.746,7278000128.0,634000000.0,hold,2.6,138.0,162.0,113.0,18.0,38000.0,NMS,EQUITY
LVS,Consumer Cyclical,Resorts & Casinos,38993997824,United States,Las Vegas Sands Corp.,25.587837,20.656364,,14.109538,3.3572104,47408209920.0,12.069,1.98,1.0,0.42790002,4.75,0.12157,0.24913,0.79363,0.54145,0.07335,0.15,0.384,0.306,0.999,58.05,30.18,-0.035258234,1.218,1.138,693.252,15820000256.0,3449999872.0,buy,1.63158,62.56667,73.5,55.0,18.0,39900.0,NYQ,EQUITY
CCL,Consumer Cyclical,Travel Services,38928293888,United States,Carnival Corporation & plc,15.280928,17.235466,,3.2609177,1.4841135,65491460096.0,9.387,,,0.0,4.21,0.10069,0.27867,0.55025,0.25733998,0.05284,0.033,0.06,0.067,2.686,32.8,15.07,0.43472028,0.338,0.241,233.568,27860000768.0,1763000064.0,buy,1.67857,35.84091,43.0,26.0,22.0,115000.0,NYQ,EQUITY
RMD,Healthcare,Medical Instruments & Supplies,38877880320,United States,ResMed Inc.,28.01209,25.888725,,6.534414,7.554491,38658990080.0,20.78,0.9,2.4,0.2229,0.82,0.27218,0.3387,0.59986,0.25863,0.14017999,0.102,0.303,0.299,0.833,293.81,199.92,0.114745855,3.44,2.159,14.273,851812992.0,1209449984.0,buy,2.05263,295.8,330.0,215.0,15.0,10600.0,NYQ,EQUITY
FICO,Technology,Software - Application,38750781440,United States,Fair Isaac Corporation,63.308628,43.43207,,-27.836365,20.089294,40391942144.0,44.899,,,0.0,0.09,0.32797,0.48939,0.81745005,,0.30976,0.198,0.465,0.44,1.352,2402.52,1300.0,-0.2106818,0.921,0.835,,2800677888.0,189048992.0,buy,1.85,2016.599,2400.0,1230.0,19.0,3855.0,NYQ,EQUITY
VMC,Basic Materials,Building Materials,38780448768,United States,Vulcan Materials Company,40.653076,32.325462,,4.6085696,5.106319,43988000768.0,20.162,0.67,1.96,0.2635,0.8,0.12523,0.22278999,0.27558002,0.1187,0.05953,0.044,0.043,0.042,0.923,311.74,215.08,0.14652145,1.672,1.063,65.384,5511699968.0,347400000.0,buy,1.68182,316.18182,370.0,190.0,22.0,11971.0,NYQ,EQUITY
DAL,Industrials,Airlines,38733750272,United States,"Delta Air Lines, Inc.",8.366714,8.450143,,2.0442483,0.61560315,57205272576.0,7.131,1.25,0.75,0.089899994,2.3,0.07357,0.0992,0.21117,0.28514,0.04749,0.064,0.102,0.114,1.503,69.98,34.74,0.09549022,0.398,0.262,117.299,22077999104.0,3791000064.0,strong_buy,1.36364,71.74762,90.0,32.0,21.0,103000.0,NYQ,EQUITY
CAH,Healthcare,Medical Distribution,37970468864,United States,"Cardinal Health, Inc.",24.81677,18.497684,,-13.7349615,0.17059399,43753361408.0,13.368,1.28,2.04,0.3143,2.59,0.00701,0.0104600005,0.0367,,0.03159,0.005,0.04,0.017,0.718,168.44,106.98,0.42225397,0.935,0.44,,9388000256.0,3873999872.0,buy,1.6875,181.2143,208.0,150.0,14.0,53084.0,NYQ,EQUITY
MLM,Basic Materials,Building Materials,37614059520,United States,"Martin Marietta Materials, Inc.",34.555126,29.928982,,4.017287,5.6266356,43127488512.0,19.847,0.53,3.32,0.175,0.63,0.16455,0.25676,0.29723,0.12084,0.056350004,0.027,0.141,0.116,1.012,665.18,441.95,0.09086132,2.348,1.108,62.022,5808999936.0,225000000.0,buy,1.86364,663.65216,756.0,440.0,23.0,9400.0,NYQ,EQUITY
IQV,Healthcare,Diagnostics & Research,37470547968,United States,IQVIA Holdings Inc.,31.897974,18.261393,,6.485083,2.3866591,50601201664.0,17.311,,,0.0,,0.07879,0.13393,0.34248,0.19792,0.05163,0.053,-0.218,-0.267,1.325,225.91,134.65,0.029049158,0.838,0.739,272.122,15745000448.0,2188000000.0,buy,1.52174,223.42105,268.0,177.0,19.0,90000.0,NYQ,EQUITY
SYY,Consumer Defensive,Food Distribution,37409714176,United States,Sysco Corporation,20.959785,15.890244,,20.401878,0.45974827,51038490624.0,11.56,2.75,2.16,0.555,2.53,0.02247,0.05545,0.18396,0.97545,0.083909996,0.028,-0.114,-0.132,0.836,83.47,67.12,0.056735635,1.207,0.663,780.56,14494999552.0,1071000000.0,buy,2.05263,86.5,93.0,80.0,16.0,75000.0,NYQ,EQUITY
KDP,Consumer Defensive,Beverages - Non-Alcoholic,37377347584,United States,Keurig Dr Pepper Inc.,24.349558,13.421951,,1.4959495,2.3718097,55373541376.0,13.34,3.36,0.92,0.8142,2.3,0.09747,0.21570998,0.54934,0.06181,0.040349998,0.061,0.053,0.062,0.437,36.12,25.03,-0.21608472,0.638,0.31,74.745,18674999296.0,509000000.0,buy,1.89474,33.88235,42.0,24.0,17.0,29400.0,NMS,EQUITY
WEC,Utilities,Utilities - Regulated Electric,37322018816,United States,"WEC Energy Group, Inc.",22.256239,22.213602,,2.822457,4.0102315,58773413888.0,16.015,3.04,3.57,0.6631,3.21,0.17871,0.21403,0.43310001,0.1273,0.030299999,0.134,0.136,0.161,0.454,118.19,91.94,0.18813884,0.553,0.323,150.418,20562300928.0,23000000.0,buy,2.35294,120.76667,136.0,103.0,15.0,7000.0,NYQ,EQUITY
HSY,Consumer Defensive,Confectioners,37020483584,United States,The Hershey Company,24.25166,21.739883,,8.197469,3.2779984,42430312448.0,15.932,2.98,5.48,0.7278,2.23,0.13543999,0.07633,0.40120998,0.35891998,0.10469,0.26,-0.653,-0.653,0.249,208.03,140.13,0.010976911,1.53,0.599,132.921,6000852992.0,912345024.0,hold,2.875,191.86365,222.0,130.0,22.0,18540.0,NYQ,EQUITY
ED,Utilities,Utilities - Regulated Electric,36342870016,United States,"Consolidated Edison, Inc.",18.321817,17.930605,,1.5313193,2.2497752,62349832192.0,10.838,3.34,3.4,0.6109,3.59,0.119849995,0.1491,0.53398997,0.085439995,0.03146,0.116,0.172,0.218,0.309,114.87,87.28,-0.04728973,1.097,0.884,114.039,27090999296.0,1506000000.0,hold,3.1875,104.71429,128.0,90.0,14.0,15097.0,NYQ,EQUITY
OTIS,Industrials,Specialty Industrial Machinery,36323581952,United States,Otis Worldwide Corporation,24.484127,22.088306,,-6.766835,2.5637763,43479085056.0,16.905,1.84,1.68,0.42060003,1.36,0.10679,0.16885,0.30244,,0.14678,-0.002,-0.029,-0.053,0.99,106.828,84.25,-0.10801053,0.881,0.711,,8124000256.0,688000000.0,buy,2.46667,101.28571,112.0,90.0,14.0,72000.0,NYQ,EQUITY
EL,Consumer Defensive,Household & Personal Products,35938414592,United States,The Estée Lauder Companies Inc.,,36.93704,,9.283255,2.5086148,42041896960.0,21.45,1.42,1.4,4.7143,1.51,-0.07909,0.04427,0.73963,-0.24687,0.03401,-0.119,,,1.157,104.53,48.37,0.11282861,1.301,0.819,244.942,9466999808.0,2920999936.0,buy,2.5,95.08696,120.0,61.0,23.0,40470.0,NYQ,EQUITY
XYL,Industrials,Specialty Industrial Machinery,35835994112,United States,Xylem Inc.,38.339848,30.994738,,3.2359276,4.1049247,36724379648.0,20.609,1.1,1.6,0.39580002,1.13,0.10745,0.14342,0.37812,0.08625,0.04586,0.061,0.161,0.165,1.128,151.16,100.47,0.117412925,1.899,1.31,18.782,2124000000.0,1170000000.0,buy,1.95455,158.66667,175.0,125.0,18.0,23000.0,NYQ,EQUITY
PRU,Financial Services,Insurance - Life,35806674944,United States,"Prudential Financial, Inc.",22.40969,6.9258,,1.1708384,0.6047506,51019681792.0,21.276,5.29,5.4,1.1674,4.78,0.02755,0.05391,0.25239,0.05796,0.0017499999,-0.078,-0.549,-0.555,1.021,130.55,90.38,-0.18562537,0.882,0.772,149.725,49583001600.0,37033000960.0,hold,2.88235,116.07143,134.0,92.0,14.0,37936.0,NYQ,EQUITY
PCG,Utilities,Utilities - Regulated Electric,35747823616,United States,PG&E Corporation,15.0601845,10.989864,,1.2074084,1.4618994,97452146688.0,10.342,0.6,0.1,0.0787,3.32,0.096140005,0.21872,0.37995,0.081149995,0.02404,-0.015,-0.012,0.002,0.58,21.72,12.97,-0.19825917,0.937,0.4,189.818,59675000832.0,494000000.0,buy,1.6875,20.89286,25.0,17.0,14.0,28410.0,NYQ,EQUITY
LYV,Communication Services,Entertainment,35720318976,United States,"Live Nation Entertainment, Inc.",65.811966,63.63636,,98.40255,1.5058244,39527190528.0,19.664,,,0.0,,0.03876,0.06933,0.25239,0.59354997,0.04077,0.163,-0.6,-0.183,1.403,175.25,112.88,0.3409189,0.878,0.707,365.185,8419643904.0,7056974848.0,buy,1.61905,173.8,190.0,130.0,20.0,16200.0,NYQ,EQUITY
FIS,Technology,Information Technology Services,35370254336,United States,"Fidelity National Information Services, Inc.",270.84,11.858144,,2.4994462,3.4283469,47854059520.0,15.532,2.36,1.6,6.08,2.12,0.01086,0.20183,0.36668,0.010319999,0.041729998,0.051,,,1.06,91.98,63.0,-0.24853313,0.587,0.416,91.533,12972000256.0,581000000.0,buy,2.07692,83.4,93.0,65.0,20.0,50000.0,NYQ,EQUITY
HIG,Financial Services,Insurance - Property & Casualty,35229401088,United States,"The Hartford Insurance Group, Inc.",11.380109,10.79199,,2.0581665,1.2837768,36001718272.0,7.97,1.67,2.08,0.1844,2.05,0.11825,0.18549,0.35419998,0.19549,0.03281,0.076,0.41,0.348,0.68,135.17,104.93,0.03669262,1.75,1.013,24.946,4369999872.0,3815000064.0,buy,2.2381,142.77779,163.0,120.0,18.0,19100.0,NYQ,EQUITY
GEHC,Healthcare,Health Information Services,34929278976,United States,GE HealthCare Technologies Inc.,15.677253,16.382227,,3.5965118,1.7493503,41982631936.0,11.427,0.18,0.14,0.026600001,,0.11219,0.1462,0.41564,0.25798,0.05766,0.035,0.14,0.136,1.276,94.8,57.65,-0.14353204,1.16,0.832,107.666,10716000256.0,3736999936.0,buy,1.77273,87.34524,106.0,73.0,21.0,53000.0,NMS,EQUITY
MCHP,Technology,Semiconductors,34955051008,United States,Microchip Technology Incorporated,,24.911537,,5.0975914,8.25229,39737339904.0,42.247,2.82,1.82,3.1772,1.8,-0.03503,0.05049,0.54481,-0.02238,0.00844,-0.134,,,1.535,79.44,34.13,-0.14974952,2.313,1.119,80.129,5494499840.0,566499968.0,buy,1.73077,76.2,90.0,60.0,25.0,19400.0,NMS,EQUITY
HUM,Healthcare,Healthcare Plans,34638282752,United States,Humana Inc.,22.052067,17.102139,,1.8996485,0.28136045,25878607872.0,6.445,1.23,3.54,0.2713,0.84,0.0128,0.03578,0.15035,0.09034,0.04686,0.096,-0.198,-0.197,0.425,315.35,206.87,0.112692356,1.952,1.522,70.626,12920999936.0,21707999232.0,hold,2.55556,295.375,353.0,235.0,24.0,65680.0,NYQ,EQUITY
DD,Basic Materials,Specialty Chemicals,33807183872,United States,"DuPont de Nemours, Inc.",474.94116,18.3918,,1.4657081,2.6829486,39672905728.0,12.275,2.06,1.64,9.2941,1.89,-0.01539,0.16273001,0.37138,0.00461,0.03484,0.027,-0.669,-0.669,1.07,87.8,53.77,-0.053662598,1.411,0.864,32.667,7681999872.0,1836999936.0,strong_buy,1.47059,93.8125,114.0,80.0,16.0,24000.0,NYQ,EQUITY
TRGP,Energy,Oil & Gas Midstream,33754994688,United States,Targa Resources Corp.,22.505022,18.990314,,13.061871,1.9764382,50099232768.0,11.154,2.59,4.0,0.4663,1.83,0.0959,0.24261999,0.35701,0.50391,0.083900005,0.196,1.158,1.108,1.129,218.51,144.14,-0.083704114,0.695,0.479,621.469,16850499584.0,113100000.0,strong_buy,1.31818,205.15,240.0,185.0,20.0,3370.0,NYQ,EQUITY
CHTR,Communication Services,Telecom Services,33440206848,United States,"Charter Communications, Inc.",6.703724,6.8423705,,2.0630667,0.60555947,133292597248.0,6.011,,,0.0,,0.095319994,0.24408,0.55174,0.32652,0.05623,0.006,0.081,0.057,1.051,437.06,243.63,-0.26227337,0.331,0.285,472.717,96283000832.0,606000000.0,buy,2.36364,373.6,500.0,223.0,20.0,94500.0,NMS,EQUITY
WAB,Industrials,Railroads,33422985216,United States,Westinghouse Air Brake Technologies Corporation,28.375183,23.027681,,3.0933847,3.1644561,36732473344.0,16.591,0.52,1.0,0.1381,0.55,0.109160006,0.18699,0.33573002,0.109060004,0.056149997,0.023,0.195,0.163,1.097,216.1,151.81,0.023006082,1.762,0.966,47.091,5106999808.0,1486000000.0,buy,1.63636,228.4,250.0,204.0,10.0,29500.0,NYQ,EQUITY
VICI,Real Estate,REIT - Diversified,33356048384,United States,VICI Properties Inc.,11.984675,11.457875,,1.2231172,8.495631,51370233856.0,14.128,5.76,1.8,0.6628,4.95,0.70198995,1.09299,0.99031997,0.10451,0.05013,0.046,0.154,0.167,0.74,34.03,27.98,-0.04693693,60.315,60.311,64.998,17838170112.0,232983008.0,strong_buy,1.5,36.91304,44.0,34.0,23.0,27.0,NYQ,EQUITY
EQT,Energy,Oil & Gas E&P,33343739904,United States,EQT Corporation,17.40391,21.202381,,1.4402394,4.326229,45001949184.0,8.205,1.23,0.66,0.2052,0.49,0.23101999,0.32974997,0.77515,0.08488,0.04517,0.548,,,0.499,61.02,35.45,0.44724023,0.578,0.474,30.675,8217822208.0,235736000.0,buy,1.66667,63.48148,80.0,46.0,27.0,,NYQ,EQUITY
CTSH,Technology,Information Technology Services,33059522560,United States,Cognizant Technology Solutions Corporation,13.730224,13.565131,,2.16511,1.6137617,32753303552.0,8.881,1.81,1.24,0.2475,1.5,0.11891,0.15577,0.34179002,0.16693,0.10256,0.081,0.15,0.14,0.945,90.82,65.15,-0.08682877,2.41,1.968,7.699,1176999936.0,1808000000.0,buy,2.2963,84.38652,103.0,70.0,23.0,343800.0,NMS,EQUITY
VRSK,Industrials,Consulting Services,32865153024,United States,"Verisk Analytics, Inc.",36.526398,32.26749,,105.43703,11.004571,35976912896.0,24.858,0.76,1.8,0.2609,0.59,0.30675,0.46078,0.69389,2.4310699,0.17287001,0.078,-0.158,-0.178,0.856,322.92,228.09,-0.103785336,1.531,1.414,1096.545,3427800064.0,629900032.0,buy,2.31579,290.52942,334.0,220.0,17.0,7800.0,NMS,EQUITY
CSGP,Real Estate,Real Estate Services,32688863232,United States,"CoStar Group, Inc.",296.76926,68.89286,,3.7970576,11.212095,29878470656.0,150.294,,,0.0,,0.03574,-0.03481,0.79331,0.01303,0.00071999995,0.153,-0.789,-0.677,0.874,97.43,68.41,0.04437828,5.834,5.587,12.947,1113600000.0,3936699904.0,buy,2.05556,96.5,107.0,70.0,16.0,6593.0,NMS,EQUITY
WTW,Financial Services,Insurance Brokers,32675162112,United Kingdom,Willis Towers Watson Public Limited Company,227.86734,18.516582,,4.046595,3.3314807,36583567360.0,14.103,1.1,3.68,2.4324,1.31,0.01397,0.16939,0.43138,0.01671,0.04658,-0.002,1.441,1.348,0.736,352.79,287.58,0.14886582,1.125,0.331,72.555,5935000064.0,1991000064.0,buy,1.95,374.44443,408.0,330.0,18.0,49000.0,NMS,EQUITY
LEN,Consumer Cyclical,Residential Construction,32395108352,United States,Lennar Corporation,12.669634,7.9361835,,1.4472792,0.9317986,30809176064.0,8.438,1.57,2.0,0.19780001,1.28,0.07721,0.07971,0.19494,0.10774,0.05899,-0.064,-0.462,-0.492,1.391,174.36592,98.42,-0.25326574,12.742,4.683,24.892,5663205888.0,7458576896.0,hold,2.63158,127.5,161.0,92.0,14.0,13265.0,NYQ,EQUITY
RJF,Financial Services,Asset Management,32642146304,United States,"Raymond James Financial, Inc.",15.910107,14.696139,,2.6880388,2.3703542,22409715712.0,,1.2,2.0,0.1942,1.33,0.15489,0.18070999,0.9313,0.18191,0.02579,0.063,-0.082,-0.114,1.049,177.66,117.57,0.12645864,6.53,6.483,36.906,4525000192.0,15301999616.0,buy,2.5,181.91667,200.0,171.0,12.0,19000.0,NYQ,EQUITY
ACGL,Financial Services,Insurance - Diversified,32546676736,Bermuda,Arch Capital Group Ltd.,9.018097,9.646571,,1.4678999,1.699033,32383270912.0,6.948,,,0.0,,0.19493,0.29829,0.33828,0.17087,0.03793,0.233,-0.021,-0.025,0.451,107.89,82.49,-0.17899853,0.584,0.291,11.84,2728000000.0,3839000064.0,buy,2.22222,108.23529,125.0,88.0,17.0,7200.0,NMS,EQUITY
STT,Financial Services,Asset Management,32337928192,United States,State Street Corporation,12.164013,12.268201,,1.3427668,2.3732517,-65781297152.0,,2.97,3.36,0.3312,3.06,0.21877001,0.32749,0.0,0.111499995,0.0084,0.094,0.23,0.179,1.48,118.24,72.81,0.23239362,,,,34718998528.0,136011997184.0,buy,1.88235,129.63333,165.0,102.0,15.0,51564.0,NYQ,EQUITY
VTR,Real Estate,REIT - Healthcare Facilities,31787986944,United States,"Ventas, Inc.",162.66278,437.15625,,2.7540655,6.0257816,45053628416.0,22.333,2.72,1.92,4.3256,3.57,0.03625,0.16360001,0.41832,0.01822,0.0207,0.184,2.158,2.521,0.909,72.02,56.68,0.06822312,0.869,0.757,111.346,13273745408.0,614200000.0,buy,1.52381,77.75,85.0,70.0,20.0,498.0,NYQ,EQUITY
EXR,Real Estate,REIT - Industrial,33164873728,United States,Extra Space Storage Inc.,32.605663,31.309624,,2.3033829,9.773721,46685962240.0,20.638,4.26,6.48,1.4087,3.41,0.28772,0.4559,0.75338,0.069,0.03323,0.036,0.342,0.344,1.113,175.58,121.03,-0.09620869,2.075,0.297,93.006,13650554880.0,132493000.0,buy,2.33333,157.25,178.0,146.0,20.0,8012.0,NYQ,EQUITY
NUE,Basic Materials,Steel,31634575360,United States,Nucor Corporation,24.698927,14.72436,,1.5515553,1.0268966,36867018752.0,10.281,1.61,2.2,0.3925,1.6,0.042069998,0.10868,0.10488,0.07304,0.03918,0.047,-0.03,-0.065,1.762,170.52,97.59,-0.033182383,2.827,1.416,32.017,6880999936.0,2483000064.0,strong_buy,1.5,159.66667,174.0,140.0,12.0,32700.0,NYQ,EQUITY
IR,Industrials,Specialty Industrial Machinery,31607410688,United States,Ingersoll Rand Inc.,61.64729,22.46469,,3.1332493,4.291978,34795266048.0,17.794,0.1,0.08,0.062,,0.07096,0.1935,0.43735,0.05251,0.051090002,0.046,,,1.431,106.03,65.61,-0.18555194,2.286,1.479,49.167,4994100224.0,1321900032.0,buy,2.0625,91.2,104.0,79.0,15.0,21000.0,NYQ,EQUITY
NRG,Utilities,Utilities - Independent Power Producers,31477960704,United States,"NRG Energy, Inc.",69.84335,23.584782,,19.336382,1.0718821,42623168512.0,18.868,1.1,1.76,0.7306,2.91,0.01778,0.00638,0.17254,0.17662,0.029159999,0.012,,,1.143,175.96,79.57,0.796819,0.933,0.41,486.145,11123000320.0,180000000.0,buy,2.0,194.77274,342.0,92.0,11.0,15637.0,NYQ,EQUITY
UAL,Industrials,Airlines,31090178048,United States,"United Airlines Holdings, Inc.",9.622746,7.9433417,,2.1727867,0.5326488,49159258112.0,6.084,,,0.0,,0.05643,0.0888,0.3439,0.25588,0.04435,0.026,0.0,-0.017,1.457,116.0,52.0,0.2920413,0.667,0.581,218.897,31321999360.0,13329000448.0,strong_buy,1.40909,123.2,156.0,62.0,20.0,111900.0,NMS,EQUITY
EME,Industrials,Engineering & Construction,30865844224,United States,"EMCOR Group, Inc.",28.658356,30.906322,,10.114269,1.9736816,29868070912.0,18.053,0.15,1.0,0.041500002,0.33,0.07067,0.09648,0.19492,0.38118,0.12086,0.174,0.28,0.22,1.243,704.09,320.89,0.48602366,1.178,1.129,22.155,676523008.0,485988000.0,buy,1.66667,716.0,750.0,675.0,6.0,40400.0,NYQ,EQUITY
HPE,Technology,Communication Equipment,30749786112,United States,Hewlett Packard Enterprise Company,27.417646,11.09762,,1.2595255,0.92969877,50351099904.0,10.587,2.25,0.52,0.6118,3.07,0.03773,0.05495,0.29878,0.05356,0.02041,0.185,-0.452,-0.404,1.458,26.44,11.965,0.19020617,0.951,0.512,96.967,23725000704.0,3904999936.0,buy,2.13636,26.51211,31.0,21.0,19.0,61000.0,NYQ,EQUITY
TSCO,Consumer Cyclical,Specialty Retail,30546413568,United States,Tractor Supply Company,28.394089,5.178796,,12.266439,2.0164702,34388795392.0,17.674,1.68,0.92,0.4433,1.46,0.071779996,0.13015,0.36409,0.45345002,0.09032,0.045,0.026,0.011,0.724,63.99,46.85,-0.0005103946,1.283,0.082,223.159,5557355008.0,225810000.0,buy,2.12903,62.40741,70.0,47.0,27.0,52000.0,NMS,EQUITY
IRM,Real Estate,REIT - Specialty,30522763264,United States,Iron Mountain Incorporated,738.1786,52.72704,,-39.76337,4.737269,48918740992.0,22.818,3.02,3.14,21.4286,4.48,0.00642,0.18347,0.5604,,0.04141,0.116,,,1.076,130.24,72.33,-0.1748035,0.633,0.536,,18160857088.0,218984992.0,buy,1.72727,115.0,140.0,44.0,11.0,28850.0,NYQ,EQUITY
KHC,Consumer Defensive,Packaged Foods,29992521728,United States,The Kraft Heinz Company,,8.254105,,0.725433,1.1850069,49128484864.0,7.832,6.24,1.6,0.7306,4.6,-0.20826,0.20702,0.34307,-0.11637,0.039049998,-0.019,,,0.127,35.72,24.8,-0.26805598,1.072,0.569,51.121,21211000832.0,2564000000.0,hold,2.95,29.02632,51.0,24.0,19.0,36000.0,NMS,EQUITY
IBKR,Financial Services,Capital Markets,114483093504,United States,"Interactive Brokers Group, Inc.",32.379856,9.746758,,5.8575487,19.247324,-44751179776.0,,0.49,0.32,0.1372,0.53,0.15416999,0.79225,0.91829,0.23249,0.023659999,0.232,0.413,0.429,1.217,73.35,32.82,0.7481781,1.105,1.105,143.403,27935000576.0,115822002176.0,buy,1.9,76.5,91.0,52.0,10.0,2998.0,NMS,EQUITY
ADM,Consumer Defensive,Farm Products,29947351040,United States,Archer-Daniels-Midland Company,27.100002,12.293885,,1.3338612,0.36178786,39553556480.0,15.349,3.3,2.04,0.8783,2.68,0.01328,0.02169,0.0637,0.0482,0.01816,-0.049,-0.541,-0.549,0.685,64.57,40.98,0.09575224,1.423,0.363,46.798,10616999936.0,1066000000.0,hold,2.90909,58.8,70.0,54.0,10.0,42383.0,NYQ,EQUITY
DTE,Utilities,Utilities - Regulated Electric,29425571840,United States,DTE Energy Company,20.395683,19.660194,,2.5102713,2.0720775,53585702912.0,15.687,3.06,4.36,0.6173,3.29,0.101610005,0.1246,0.31279,0.12636,0.027409999,0.189,-0.29,-0.289,0.422,143.79,115.59,0.09956074,0.936,0.474,204.588,23992000512.0,32000000.0,buy,2.25,148.41667,158.0,125.0,12.0,9400.0,NYQ,EQUITY
BRO,Financial Services,Insurance Brokers,29247162368,United States,"Brown & Brown, Inc.",25.553314,21.679705,,2.523838,5.9013643,28328978432.0,16.605,0.67,0.6,0.1671,0.63,0.20299,0.29944,0.49293998,0.11533,0.04404,0.082,-0.133,-0.101,0.793,125.68,86.79,-0.15273559,2.747,1.966,66.945,7776999936.0,8892999680.0,buy,2.42857,108.33333,133.0,92.0,12.0,17403.0,NYQ,EQUITY
MTD,Healthcare,Diagnostics & Research,29129719808,United States,Mettler-Toledo International Inc.,35.918976,33.19554,,-112.56309,7.5336256,30578434048.0,25.794,,,0.0,,0.21459,0.27371,0.59937,,0.20823,0.039,-0.059,-0.088,1.375,1438.46,946.69,0.06808519,1.124,0.672,,2183921920.0,61825000.0,buy,2.38462,1333.1818,1600.0,1150.0,11.0,16000.0,NYQ,EQUITY
KVUE,Consumer Defensive,Household & Personal Products,28965482496,United States,Kenvue Inc.,20.124666,12.371721,,2.6991239,1.9130495,36824670208.0,10.379,5.46,0.83,1.0933,,0.09365,0.19797,0.58153,0.13564,0.06855,-0.04,6.295,6.241,0.673,25.17,14.05,-0.33870268,0.978,0.568,81.491,8743999488.0,1070000000.0,buy,2.35294,20.5,26.0,17.0,15.0,22000.0,NYQ,EQUITY
K,Consumer Defensive,Packaged Foods,28853065728,United States,Kellanova,21.72513,69.158325,,7.0217443,2.2821376,35123499008.0,15.617,2.79,2.32,0.5969,3.47,0.10559,0.14486,0.35639998,0.35327998,0.07539,0.003,-0.15,-0.131,0.247,83.22,76.48,0.024558783,0.682,0.382,154.846,6519000064.0,360000000.0,hold,3.0,83.39286,83.5,83.0,14.0,24000.0,NYQ,EQUITY
KEYS,Technology,Scientific & Technical Instruments,28820293632,United States,"Keysight Technologies, Inc.",53.238094,24.060259,,5.082896,5.496909,28431005696.0,23.832,,,0.0,,0.103760004,0.18121,0.62369,0.09982,0.05783,0.111,-0.505,-0.509,1.184,186.2,121.43,0.071154475,3.592,2.133,48.748,2764000000.0,2636000000.0,buy,1.81818,188.72726,200.0,157.0,11.0,15500.0,NYQ,EQUITY
EFX,Industrials,Consulting Services,28642824192,United States,Equifax Inc.,44.32223,24.869436,,5.809722,4.819347,32990361600.0,17.769,0.87,2.0,0.33650002,0.71,0.1108,0.19950001,0.57105,0.13066,0.05905,0.072,0.142,0.134,1.675,281.07,199.98,-0.15130997,0.738,0.607,94.824,4813100032.0,189000000.0,buy,1.95652,271.9,300.0,239.0,20.0,15000.0,NYQ,EQUITY
SMCI,Technology,Computer Hardware,28662038528,United States,"Super Micro Computer, Inc.",28.708572,11.375095,,4.547464,1.3044777,31082586112.0,23.703,,,0.0,,0.04774,0.03967,0.11059,0.17899999,0.065689996,0.075,-0.314,-0.343,1.548,66.44,17.25,0.1356262,5.246,3.153,80.281,5059210240.0,5176150016.0,none,,49.82353,93.0,15.0,17.0,6238.0,NMS,EQUITY
MTB,Financial Services,Banks - Regional,28473829376,United States,M&T Bank Corporation,11.240593,11.192261,,1.0756834,3.134163,26898087936.0,,3.29,6.0,0.3426,3.19,0.3054,0.43886003,0.0,0.09628,0.01311,0.08,0.199,0.098,0.612,225.7,150.75,-0.06365037,,,,14986999808.0,18795999232.0,buy,2.04762,218.88095,251.0,185.0,21.0,22383.0,NYQ,EQUITY
WRB,Financial Services,Insurance - Property & Casualty,28354019328,United States,W. R. Berkley Corporation,15.680672,17.15862,,3.046655,1.9348981,28580552704.0,10.838,0.48,0.36,0.0714,0.58,0.13007,0.17723,0.43851003,,,0.108,0.407,0.398,0.417,78.48,55.97,0.26487947,,,33.219,3090994944.0,3019086080.0,hold,2.64706,74.8,88.0,56.0,15.0,8606.0,NYQ,EQUITY
ODFL,Industrials,Trucking,28280225792,United States,"Old Dominion Freight Line, Inc.",26.28125,22.806778,,6.6981926,5.0154495,29783844864.0,16.666,0.79,1.12,0.21090001,0.41,0.1942,0.25424,0.3939,0.26251,0.16429001,-0.061,-0.142,-0.166,1.194,233.26,133.69,-0.26479328,1.377,1.203,4.018,169992000.0,24057000.0,buy,2.48,159.59091,186.0,140.0,22.0,21719.0,NMS,EQUITY
AEE,Utilities,Utilities - Regulated Electric,28244316160,United States,Ameren Corporation,22.956043,21.229673,,2.293588,3.4787924,48594796544.0,14.721,2.7,2.84,0.6066,2.83,0.15113,0.22031,0.46644002,0.102189995,0.026770001,0.322,0.044,0.066,0.494,106.73,85.27,0.18391192,0.801,0.371,160.58,19981000704.0,11000000.0,buy,2.0,110.25,125.0,90.0,12.0,8981.0,NYQ,EQUITY
ATO,Utilities,Utilities - Regulated Gas,28155031552,United States,Atmos Energy Corporation,24.259336,24.565126,,2.1033099,6.089919,36598210560.0,16.323,1.96,3.48,0.4723,2.46,0.25045002,0.30873,0.57945997,0.09057,0.03611,0.196,0.075,0.126,0.729,179.7,136.05,0.2413261,1.373,1.089,67.241,9000753152.0,831267008.0,hold,2.69231,170.0,185.0,141.0,11.0,5260.0,NYQ,EQUITY
FITB,Financial Services,Banks - Regional,27936022528,United States,Fifth Third Bancorp,12.616418,11.579452,,1.4447104,3.4382796,44095963136.0,,3.84,1.6,0.45069999,3.6,0.29674,0.39780998,0.0,0.115109995,0.01129,0.067,0.167,0.133,0.966,49.07,32.25,-0.05379027,,,,18936999936.0,4167000064.0,buy,1.81818,50.45,60.0,43.0,20.0,18476.0,NMS,EQUITY
PPL,Utilities,Utilities - Regulated Electric,27842750464,United States,PPL Corporation,28.308271,20.57377,,1.9483545,3.1617932,45474701312.0,13.932,2.89,1.09,0.797,4.19,0.1122,0.21235001,0.41347,0.069699995,0.028800001,0.077,-0.034,-0.037,0.665,38.27,31.22,0.1484636,0.587,0.368,124.976,17853999104.0,296000000.0,buy,1.86667,40.42857,44.0,34.0,14.0,6653.0,NYQ,EQUITY
AWK,Utilities,Utilities - Regulated Water,27803494400,United States,"American Water Works Company, Inc.",25.677475,25.001755,,2.6028273,5.62596,42938515456.0,16.1,2.3,3.31,0.56259996,1.84,0.21914,0.38636002,0.60279,0.10396,0.03499,0.111,0.042,0.043,0.697,155.5,118.74,0.028111577,0.351,0.265,141.097,15072000000.0,175000000.0,hold,2.84615,142.5,159.0,114.0,10.0,6700.0,NYQ,EQUITY
DXCM,Healthcare,Medical Devices,27670474752,United States,"DexCom, Inc.",49.69014,34.75862,,10.754458,6.4337974,27375376384.0,29.649,,,0.0,,0.13288,0.18374,0.58766,0.22826,0.06081,0.152,0.274,0.253,1.476,93.25,57.52,-0.05544424,1.52,1.302,100.241,2579300096.0,2929299968.0,strong_buy,1.42857,98.4,115.0,83.0,25.0,10200.0,NMS,EQUITY
ROL,Consumer Cyclical,Personal Services,27420932096,United States,"Rollins, Inc.",56.019806,50.51786,,18.99295,7.6799226,28323235840.0,35.292,1.16,0.66,0.6386,1.08,0.13705,0.19952999,0.52686,0.36518002,0.14366001,0.121,0.085,0.093,0.69,59.12,45.34,0.21987951,0.683,0.503,66.985,967182016.0,123035000.0,buy,2.14286,59.83333,72.0,46.0,12.0,20000.0,NYQ,EQUITY
ES,Utilities,Utilities - Regulated Electric,27312222208,United States,Eversource Energy,32.137554,15.396443,,1.7430899,2.1023738,56727334912.0,12.672,4.12,3.01,1.2817,3.64,0.06604,0.24614,0.54905,0.056209996,0.031140001,0.12,0.008,0.052,0.678,74.46,52.28,0.094283104,0.713,0.326,188.224,29779517440.0,343692992.0,buy,2.41176,73.64286,87.0,55.0,14.0,10680.0,NYQ,EQUITY
FE,Utilities,Utilities - Regulated Electric,27054260224,United States,FirstEnergy Corp.,20.640968,16.212803,,2.1051803,1.9514037,53874429952.0,12.223,3.76,1.78,0.75769997,4.14,0.09435,0.19851999,0.6946,0.1071,0.031570002,0.03,4.878,4.956,0.498,48.2,37.58,0.07257879,0.614,0.435,182.189,25817999360.0,569000000.0,buy,2.4,48.27273,53.0,45.0,11.0,12294.0,NYQ,EQUITY
BR,Technology,Information Technology Services,26936612864,United States,"Broadridge Financial Solutions, Inc.",32.504227,24.682352,,10.187163,3.9100337,30182074368.0,17.894,1.67,3.9,0.49580002,1.57,0.12186,0.24145001,0.31017,0.3481,0.0885,0.062,0.163,0.158,0.952,271.91,208.2,0.07469094,0.976,0.881,130.278,3459000064.0,562200000.0,hold,2.55556,279.125,305.0,240.0,8.0,15000.0,NYQ,EQUITY
AVB,Real Estate,REIT - Residential,26792925184,United States,"AvalonBay Communities, Inc.",23.117321,33.966606,,2.239752,8.868987,35875332096.0,19.481,3.7,7.0,0.84769994,3.33,0.38394,0.30501,0.63490003,0.09711,0.028110001,0.044,0.056,0.058,0.865,239.29,180.4,-0.1760456,0.837,0.096,72.575,8832635904.0,102884000.0,buy,2.5,216.4762,235.0,199.0,21.0,2928.0,NYQ,EQUITY
EXPE,Consumer Cyclical,Travel Services,26775146496,United States,"Expedia Group, Inc.",26.62054,15.07138,,32.230083,1.9100547,29083971584.0,15.332,0.71,1.6,0.098500006,0.96,0.0794,0.14025,0.89606005,0.52707,0.040260002,0.064,-0.114,-0.145,1.563,240.98,130.01,0.41096914,0.751,0.594,311.457,6496999936.0,6671000064.0,buy,2.32432,225.05882,290.0,168.0,34.0,16500.0,NMS,EQUITY
TTD,Communication Services,Advertising Agencies,26414159872,United States,"The Trade Desk, Inc.",65.08795,27.991192,,9.817009,9.859385,25005418496.0,45.089,,,0.0,,0.15572,0.16826001,0.79406,0.16357,0.05341,0.187,0.059,0.06,1.383,141.53,42.96,-0.5441164,1.714,1.676,12.744,343548992.0,1687261056.0,buy,2.18919,69.53125,135.0,34.0,32.0,3522.0,NGM,EQUITY
SYF,Financial Services,Credit Services,26371923968,United States,Synchrony Financial,8.030153,11.319166,,1.6645832,2.7342587,25698902016.0,,1.64,1.2,0.12060001,2.29,0.37066,0.53381,0.0,0.21636999,0.030269999,0.207,0.474,0.365,1.5,77.41,40.545,0.32120883,,,,14430999552.0,16245000192.0,buy,1.86957,82.3913,100.0,60.0,23.0,20000.0,NYQ,EQUITY
HPQ,Technology,Computer Hardware,26157631488,United States,HP Inc.,10.176364,7.7736115,,-29.151043,0.47810552,33757853696.0,7.334,4.19,1.16,0.4159,3.26,0.048249997,0.06008,0.20893,,0.05915,0.031,0.231,0.192,1.3,39.8,21.21,-0.24156839,0.738,0.38,,10775000064.0,2871000064.0,hold,2.88235,28.2825,30.0,25.0,16.0,58000.0,NYQ,EQUITY
CNP,Utilities,Utilities - Regulated Electric,25922000896,United States,"CenterPoint Energy, Inc.",27.765736,22.818966,,2.3523314,2.8859944,46969237504.0,14.246,2.2,0.88,0.5944,2.56,0.10421,0.21193,0.442,0.08759,0.028859999,0.02,-0.157,-0.132,0.556,40.5,28.57,0.35854816,0.793,0.538,196.188,21617999872.0,796000000.0,buy,2.5,42.0,46.0,35.0,14.0,8872.0,NYQ,EQUITY
VLTO,Industrials,Pollution & Treatment Controls,25890621440,United States,Veralto Corporation,29.14246,27.821333,,9.75685,4.8285384,27070095360.0,20.415,0.42,0.44,0.1173,,0.16654,0.2283,0.59884,0.41219002,0.119610004,0.064,0.099,0.094,1.142,115.0,83.865,-0.018810868,2.316,1.911,107.554,2862000128.0,1559000064.0,buy,1.94737,115.83333,130.0,97.0,18.0,17000.0,NYQ,EQUITY
GIS,Consumer Defensive,Packaged Foods,25694668800,United States,"General Mills, Inc.",9.10586,10.248937,,2.7093763,1.3413378,39699820544.0,10.559,4.96,2.44,0.45560002,3.35,0.15241,0.15602,0.34390998,0.30866,0.06216,-0.068,1.155,1.077,-0.025,69.03,47.48,-0.28319484,0.658,0.346,151.352,14407000064.0,952899968.0,hold,2.90476,53.52632,63.0,46.0,19.0,33000.0,NYQ,EQUITY
IP,Consumer Cyclical,Packaging & Containers,25443454976,United States,International Paper Company,,16.063334,,1.366472,1.1600007,34822742016.0,13.951,3.86,1.85,1.5812,4.37,-0.00123,0.03813,0.29023,-0.00198,0.02118,0.429,-0.901,-0.849,1.057,60.36,43.27,-0.014185846,1.334,0.806,57.157,10641000448.0,1135000064.0,buy,2.07692,52.2,61.0,40.4,11.0,65000.0,NYQ,EQUITY
TDY,Technology,Scientific & Technical Instruments,25266333696,United States,Teledyne Technologies Incorporated,31.25638,25.109972,,2.4236617,4.207269,27831975936.0,19.352,,,0.0,,0.13616,0.18545,0.42733002,0.08127,0.04685,0.067,-0.161,-0.158,,595.99,419.0,0.14987528,1.787,1.031,23.989,2533400064.0,528600000.0,buy,1.54545,620.8182,645.0,584.0,11.0,14900.0,NYQ,EQUITY
CBOE,Financial Services,Financial Data & Stock Exchanges,24859766784,United States,"Cboe Global Markets, Inc.",27.897593,25.891884,,5.3288383,5.4856277,24961368064.0,17.465,1.21,2.88,0.2958,1.38,0.19875,0.30354,0.48744,0.20737,0.089829996,0.205,0.678,0.675,0.439,255.27,187.3,0.10400486,1.568,0.817,34.314,1600800000.0,1463900032.0,hold,3.0,247.75,270.0,216.0,16.0,1685.0,BTS,EQUITY
EXE,Energy,Oil & Gas E&P,24876697600,United States,Expand Energy Corporation,,24.636793,,1.3827703,2.8068035,29318027264.0,9.015,3.06,3.19,1.411,,0.023239998,0.45924,0.43101,0.01455,0.02387,4.465,,,0.458,123.345,82.69,0.2237984,0.777,0.617,28.929,5189000192.0,731000000.0,strong_buy,1.44444,129.7143,153.0,83.0,28.0,1500.0,NMS,EQUITY
FSLR,Technology,Solar,24680902656,United States,"First Solar, Inc.",19.669231,11.032119,,2.8879604,5.682344,23868067840.0,12.918,,,0.0,,0.28951,0.32958,0.42758998,0.15916,0.0713,0.086,-0.022,-0.021,1.379,248.04,116.56,0.13935935,1.901,1.212,12.486,1067070016.0,1153837952.0,buy,1.6,242.25098,300.0,100.0,31.0,8100.0,NMS,EQUITY
LDOS,Technology,Information Technology Services,24562522112,United States,"Leidos Holdings, Inc.",18.078375,18.320574,,5.268589,1.4403638,28996198400.0,12.542,0.85,1.6,0.1491,1.3,0.08221,0.13284999,0.17557,0.30422002,0.09548,0.029,0.27,0.214,0.72,202.9,123.62,0.11659455,1.622,1.305,121.139,5702000128.0,931000000.0,buy,2.0,198.5,215.0,171.0,12.0,47000.0,NYQ,EQUITY
PTC,Technology,Software - Application,24496410624,United States,PTC Inc.,48.22878,29.212858,,6.973231,9.909639,25533911040.0,29.907,,,0.0,,0.20742,0.32834,0.82164,0.1571,0.07588,0.242,1.053,1.049,1.145,219.69,133.38,0.10564721,0.888,0.743,40.187,1411719040.0,199320992.0,buy,1.78947,225.89474,255.0,190.0,19.0,7000.0,NMS,EQUITY
DOV,Industrials,Specialty Industrial Machinery,24393476096,United States,Dover Corporation,22.981913,18.903296,,3.2781086,3.1157608,24789356544.0,14.469,1.24,2.08,0.2658,1.31,0.29288,0.17989999,0.39672002,0.16722,0.06942,0.052,-0.006,-0.01,1.259,222.31,143.04,-0.09292132,1.949,1.268,41.245,3069143040.0,1264893056.0,buy,1.88889,211.38889,235.0,168.0,18.0,24000.0,NYQ,EQUITY
STZ,Consumer Defensive,Beverages - Brewers,24365916160,United States,"Constellation Brands, Inc.",20.259096,9.174686,,3.2476199,2.5317867,35295670272.0,9.743,2.91,4.08,0.59099996,1.54,0.12705,0.36413,0.51926,0.15912,0.0896,-0.15,,,0.66,245.31,131.2,-0.4175564,1.083,0.383,135.429,10544900096.0,72000000.0,buy,1.96,172.6087,220.0,118.0,23.0,10600.0,NYQ,EQUITY
CINF,Financial Services,Insurance - Property & Casualty,24375957504,United States,Cincinnati Financial Corporation,13.507799,21.266031,,1.7036624,2.088413,24100841472.0,9.853,2.24,3.48,0.2914,2.44,0.15593,0.26755,0.20844999,0.13442999,0.03902,0.277,1.192,1.196,0.73,166.9,123.02,0.12463832,1.052,0.848,6.181,884000000.0,1095000064.0,buy,2.125,167.83333,184.0,145.0,6.0,5624.0,NMS,EQUITY
EQR,Real Estate,REIT - Residential,24841625600,United States,Equity Residential,23.729322,37.34911,,2.1821954,8.158802,33520893952.0,18.044,4.35,2.77,1.0292,3.73,0.33221,0.29397,0.63055,0.09082,0.02622,0.047,0.08,0.084,0.911,78.32,59.41,-0.16197741,0.121,0.039,75.259,8674672640.0,31276000.0,buy,2.30769,73.65909,80.5,66.0,22.0,2500.0,NYQ,EQUITY
PHM,Consumer Cyclical,Residential Construction,23643418624,United States,"PulteGroup, Inc.",9.359568,8.985186,,1.858719,1.3416228,24201621504.0,6.906,0.73,0.88,0.0679,0.95,0.14926,0.17336,0.27151,0.21569,0.12227,-0.016,-0.116,-0.161,1.298,142.11,88.07,-0.11506182,6.276,0.595,15.808,2027560960.0,1451532032.0,buy,2.06667,137.0,160.0,98.0,13.0,6793.0,NYQ,EQUITY
TPR,Consumer Cyclical,Luxury Goods,23944327168,United States,"Tapestry, Inc.",141.06097,24.300419,,28.061619,3.4153976,26782498816.0,17.046,1.39,1.6,1.7073,4.06,0.026129998,0.17548999,0.7544,0.09758,0.088120006,0.083,,,1.585,118.56,43.58,1.5934339,1.866,1.051,454.558,3899200000.0,1119600000.0,buy,1.7619,120.47368,142.0,66.0,19.0,12500.0,NYQ,EQUITY
NTRS,Financial Services,Asset Management,23628277760,United States,Northern Trust Corporation,14.561772,16.353403,,1.9574176,2.978517,37427101696.0,,2.55,3.2,0.35549998,3.05,0.21761,0.30332002,0.0,0.13432,0.01059,0.042,0.032,-0.016,1.317,135.48,81.62,0.22074127,,,,15644900352.0,2833100032.0,hold,3.0625,134.35715,152.0,115.0,14.0,23600.0,NMS,EQUITY
STE,Healthcare,Medical Devices,23757412352,United States,STERIS plc,36.883026,24.19408,,3.4117622,4.264391,25673168896.0,17.061,1.04,2.52,0.3486,0.88,0.11607,0.17849001,0.44375,0.097399995,0.06219,0.087,0.221,0.22,1.01,253.0,200.98,0.06658161,2.221,1.324,29.682,2068800000.0,279700000.0,buy,2.125,272.375,295.0,231.0,8.0,17787.0,NYQ,EQUITY
NTAP,Technology,Software - Infrastructure,23694702592,United States,"NetApp, Inc.",21.008848,15.659631,,24.348717,3.595554,22722443264.0,13.821,1.78,2.08,0.36810002,2.45,0.17768998,0.19949,0.7,1.23004,0.094519995,0.012,-0.017,-0.06,1.448,135.45,71.84,-0.025700927,1.313,1.154,281.538,2744999936.0,3329999872.0,buy,2.5,121.14286,140.0,100.0,14.0,11700.0,NMS,EQUITY
ULTA,Consumer Cyclical,Specialty Retail,23667929088,United States,"Ulta Beauty, Inc.",20.24741,23.080452,,9.09694,2.030788,25330989056.0,13.609,,,0.0,,0.10308,0.12367,0.42821,0.48521,0.15983,0.093,0.091,0.033,1.074,572.23,309.01,0.41437447,1.395,0.212,87.863,2287826944.0,242744992.0,buy,2.11111,575.7826,680.0,405.0,23.0,20000.0,NMS,EQUITY
LH,Healthcare,Diagnostics & Research,23495702528,United States,Labcorp Holdings Inc.,31.138779,17.649195,,2.766429,1.7425135,29476704256.0,16.17,1.02,2.88,0.3175,,0.05662,0.113000005,0.28144,0.092609994,0.04435,0.095,0.169,0.159,0.871,293.72,209.38,0.22936499,1.504,1.076,77.783,6603299840.0,647299968.0,buy,1.63158,300.0,342.0,260.0,17.0,70000.0,NYQ,EQUITY
VRSN,Technology,Software - Infrastructure,23355883520,United States,"VeriSign, Inc.",29.802143,28.906359,,-11.738416,14.613867,24728995840.0,22.079,1.22,3.08,0.0919,,0.50025004,0.6848,0.8788,,0.4656,0.059,0.099,0.043,0.789,310.6,175.62,0.360955,0.542,0.493,,1791600000.0,593800000.0,buy,2.0,309.0,340.0,250.0,3.0,929.0,NMS,EQUITY
PPG,Basic Materials,Specialty Chemicals,23239198720,United States,"PPG Industries, Inc.",18.619349,11.634462,,3.0670817,1.4858822,29811511296.0,11.4,2.78,2.84,0.4919,1.86,0.06464,0.15232,0.41662,0.16559,0.060489997,-0.009,-0.115,-0.148,1.149,130.05,90.24,-0.19710785,1.421,0.959,106.173,8222000128.0,1635000064.0,buy,2.20833,124.0,145.0,112.0,20.0,46000.0,NYQ,EQUITY
HBAN,Financial Services,Banks - Regional,23211608064,United States,Huntington Bancshares Incorporated,11.122377,11.869403,,1.1893367,3.1027415,30183530496.0,,3.91,0.62,0.4336,4.44,0.29702,0.39761,0.0,0.10434,0.01091,0.146,0.242,0.217,0.979,18.45,11.92,0.019922853,,,,17567000576.0,13313000448.0,buy,1.66667,19.61429,23.0,15.0,21.0,20247.0,NMS,EQUITY
HAL,Energy,Oil & Gas Equipment & Services,23220619264,United States,Halliburton Company,18.036425,8.38,,2.266184,1.0489506,28921190400.0,6.894,2.58,0.68,0.45029998,1.68,0.05913,0.12857,0.1619,0.12788,0.0761,-0.017,-0.969,-0.968,1.022,32.57,18.72,-0.055296242,1.955,1.207,83.613,8567000064.0,2026000000.0,buy,1.76923,29.25,43.0,24.0,24.0,48000.0,NYQ,EQUITY
TER,Technology,Semiconductor Equipment & Materials,23070435328,United States,"Teradyne, Inc.",50.533104,34.124706,,8.138152,8.158846,21792339968.0,32.915,0.35,0.48,0.1667,0.41,0.16591999,0.14275,0.59134996,0.16851999,0.091120005,-0.107,-0.57,-0.579,1.82,150.71,65.77,0.25397396,2.345,1.186,2.624,74461000.0,367889984.0,buy,2.17647,139.375,200.0,115.0,16.0,6500.0,NMS,EQUITY
PODD,Healthcare,Medical Devices,22816686080,United States,Insulet Corporation,98.52128,83.75582,,15.59616,9.6701355,23508430848.0,48.905,,,0.0,,0.10005999,0.18656999,0.70176005,0.19184999,0.07753,0.329,-0.877,-0.881,1.399,353.5,226.5,0.38543117,2.257,1.55,99.487,1455399936.0,1121600000.0,strong_buy,1.44,363.625,415.0,300.0,24.0,3900.0,NMS,EQUITY
HUBB,Industrials,Electrical Equipment & Parts,22822572032,United States,Hubbell Incorporated,27.924578,24.237022,,6.543759,4.056337,24070762496.0,18.112,1.25,5.28,0.3364,1.68,0.14762999,0.22583,0.34809,0.25468,0.101169996,0.022,0.137,0.123,0.959,481.345,299.425,-0.061197758,1.298,0.681,57.182,2000700032.0,399600000.0,buy,2.21429,461.36365,511.0,383.0,11.0,17800.0,NYQ,EQUITY
WSM,Consumer Cyclical,Specialty Retail,22810112000,United States,"Williams-Sonoma, Inc.",20.833147,23.0369,,10.61073,2.9132586,23303788544.0,13.809,1.4,2.64,0.2739,1.75,0.14390999,0.17861,0.46152002,0.51219004,0.17455,0.027,0.198,0.142,1.548,219.98,125.33,0.36700118,1.503,0.624,64.858,1394247040.0,985822976.0,buy,2.3913,204.3158,230.0,138.0,19.0,19600.0,NYQ,EQUITY
DG,Consumer Defensive,Discount Stores,22745755648,United States,Dollar General Corporation,19.137035,16.614147,,2.8389328,0.5460951,38581948416.0,12.748,2.28,2.36,0.437,1.45,0.0286,0.0555,0.30152,0.15597999,0.03971,0.051,0.094,0.1,0.308,117.95,66.43,0.27248156,1.253,0.204,213.026,17067933696.0,1284567040.0,buy,2.35484,120.10714,139.0,80.0,28.0,194200.0,NYQ,EQUITY
TROW,Financial Services,Asset Management,22554318848,United States,"T. Rowe Price Group, Inc.",11.49524,10.978876,,2.137525,3.1778731,21293037568.0,7.753,4.94,5.08,0.5622,3.79,0.28724,0.27754998,0.51267,0.18716,0.10363,-0.006,0.061,0.045,1.514,125.81,77.85,-0.08258194,4.257,4.257,4.416,521600000.0,3058899968.0,hold,3.35714,108.76923,125.0,93.0,13.0,8063.0,NMS,EQUITY
CMS,Utilities,Utilities - Regulated Electric,22400768000,United States,CMS Energy Corporation,22.07522,20.903631,,2.74151,2.7941585,40500051968.0,14.176,2.89,2.17,0.6239,2.97,0.1276,0.19804001,0.42086,0.11307,0.03081,0.144,0.015,0.015,0.399,76.45,63.97,0.047234178,0.999,0.557,201.148,18044999680.0,844000000.0,buy,2.2,78.33333,85.0,61.0,12.0,8324.0,NYQ,EQUITY
SW,Consumer Cyclical,Packaging & Containers,22354784256,Ireland,Smurfit Westrock Plc,164.67308,11.860111,,1.218204,0.7256633,35823579136.0,8.279,4.04,1.72,5.6408,3.45,0.01143,0.0704,0.191,0.02901,0.03943,1.674,,,1.045,56.986,37.01,-0.06977761,1.446,0.766,78.384,14362999808.0,778000000.0,strong_buy,1.33333,56.45714,63.0,52.0,14.0,100000.0,NYQ,EQUITY
TYL,Technology,Software - Application,22282426368,United States,"Tyler Technologies, Inc.",73.79083,47.55863,,6.1291127,9.922042,21944844288.0,49.106,,,0.0,,0.13661,0.16036,0.45176,0.090679996,0.04493,0.102,0.229,0.249,0.891,661.31,483.56,-0.16123074,1.031,0.971,17.655,641718016.0,892345984.0,buy,1.84211,677.3889,800.0,560.0,18.0,7542.0,NYQ,EQUITY
STLD,Basic Materials,Steel,22223476736,United States,"Steel Dynamics, Inc.",19.996027,15.036853,,2.466266,1.260215,24817727488.0,12.833,1.35,2.0,0.25959998,1.58,0.0639,0.10516,0.13069001,0.12550999,0.05547,0.112,0.337,0.27,1.411,156.24,103.17,0.13978827,3.107,1.294,42.166,3782455040.0,770355968.0,strong_buy,1.5,159.33333,180.0,145.0,12.0,13000.0,NMS,EQUITY
WST,Healthcare,Medical Instruments & Supplies,22151411712,United States,"West Pharmaceutical Services, Inc.",46.116016,40.96476,,7.561673,7.4830794,19716829184.0,24.974,0.32,0.88,0.1243,0.24,0.16475001,0.20874001,0.35271,0.17716,0.105349995,0.092,0.205,0.184,1.068,352.33,187.43,-0.16225618,2.78,1.852,10.522,308200000.0,509700000.0,strong_buy,1.42857,319.25,350.0,275.0,12.0,10600.0,NYQ,EQUITY
EIX,Utilities,Utilities - Regulated Electric,22043291648,United States,Edison International,8.4111595,10.049123,,1.4653739,1.2568158,65557159936.0,10.324,5.7,3.31,0.59360003,4.49,0.15024,0.18314,0.52266,0.14348,0.026730001,0.048,-0.215,-0.219,0.805,88.65,47.73,-0.32165384,0.873,0.373,209.565,39525998592.0,140000000.0,buy,1.9375,67.37214,86.0,52.5,14.0,14013.0,NYQ,EQUITY
CFG,Financial Services,Banks - Regional,22021369856,United States,"Citizens Financial Group, Inc.",14.296919,13.188631,,0.9284727,2.9586687,22279157760.0,,3.63,1.84,0.4706,4.28,0.22894,0.32026002,0.0,0.067140006,0.0077,0.136,0.364,0.293,1.143,55.24,32.6,0.21274555,,,,11393000448.0,13064999936.0,strong_buy,1.5,61.775,75.0,56.0,20.0,17496.0,NYQ,EQUITY
JBL,Technology,Electronic Components,22025584640,United States,Jabil Inc.,34.824326,20.595404,,14.645166,0.739064,23009921024.0,10.854,0.16,0.32,0.0541,0.41,0.022049999,0.05841,0.08879,0.40381,0.050359998,0.185,0.692,0.58,1.264,237.14,108.66,0.58961844,1.0,0.515,246.012,3732000000.0,1960000000.0,none,,247.375,267.0,205.0,8.0,135000.0,NYQ,EQUITY
DRI,Consumer Cyclical,Restaurants,21709963264,United States,"Darden Restaurants, Inc.",20.005358,17.675188,,9.762029,1.7558445,29637961728.0,15.171,3.2,6.0,0.6109,2.74,0.08898,0.09879,0.21826,0.50411,0.07475,0.104,0.261,0.244,0.764,228.27,157.89,0.15279567,0.397,0.13,361.727,8050599936.0,211000000.0,buy,1.90625,223.25,259.0,160.0,28.0,197924.0,NYQ,EQUITY
BIIB,Healthcare,Drug Manufacturers - General,21704822784,United States,Biogen Inc.,14.180077,8.885954,,1.2307333,2.1711338,25493708800.0,7.911,,,0.0,,0.1531,0.3461,0.76298,0.091309994,0.05618,0.073,0.083,0.088,0.125,187.58,110.04,-0.19656259,2.503,1.521,37.397,6594599936.0,2758799872.0,buy,2.17143,172.54932,260.0,118.0,29.0,7605.0,NMS,EQUITY
TPL,Energy,Oil & Gas E&P,21501833216,United States,Texas Pacific Land Corporation,46.575413,12.796772,,16.687473,28.944157,20739115008.0,33.892,0.69,6.4,0.2976,0.69,0.62157,0.76765996,0.94526,0.37008,0.26146,0.088,0.014,0.014,1.132,1769.14,845.56,-0.15056378,14.792,14.587,0.05,0.0,543929984.0,sell,5.0,625.0,625.0,625.0,1.0,111.0,NYQ,EQUITY
RF,Financial Services,Banks - Regional,21513553920,United States,Regions Financial Corporation,10.621146,10.668142,,1.206888,3.098989,,,4.4,1.06,0.44709998,3.82,0.31044,0.46976003,0.0,0.11401,0.01359,0.156,,0.228,1.029,27.96,17.74,0.014730692,,,,,,buy,2.375,28.57609,33.0,25.0,23.0,19644.0,NYQ,EQUITY
ON,Technology,Semiconductors,21405698048,United States,ON Semiconductor Corporation,49.847622,12.11574,,2.7103722,3.3452675,22066919424.0,12.369,,,0.0,,0.07279,0.16518,0.37884998,0.05748,0.052789997,-0.154,-0.474,-0.496,1.489,76.06,31.04,-0.25898975,5.022,3.004,45.661,3635200000.0,2826700032.0,buy,2.27273,57.86207,70.0,40.0,29.0,26400.0,NMS,EQUITY
NVR,Consumer Cyclical,Residential Construction,21186699264,United States,"NVR, Inc.",16.91031,14.848953,,5.547967,2.0020251,21118859264.0,11.026,,,0.0,,0.13545,0.17104,0.23672001,0.348,0.18898001,-0.049,-0.139,-0.202,,9573.04,6562.85,-0.18603694,5.962,2.645,25.972,1030228992.0,1932167040.0,hold,2.6,8533.333,9200.0,7900.0,3.0,7000.0,NYQ,EQUITY
DVN,Energy,Oil & Gas E&P,21230759936,United States,Devon Energy Corporation,7.532613,7.498834,,1.4124246,1.3182791,28155867136.0,3.636,2.96,0.96,0.2568,5.15,0.17659001,0.25078,0.50618,0.20727,0.09093001,-0.007,0.052,0.065,1.08,40.54,25.89,-0.17970133,1.222,1.008,59.266,9063000064.0,1712999936.0,buy,1.77419,45.3,70.0,33.0,30.0,2300.0,NYQ,EQUITY
GPN,Industrials,Specialty Business Services,21109243904,United States,Global Payments Inc.,14.822828,6.7976565,,0.93381417,2.0970402,35669024768.0,8.015,1.17,1.0,0.17040001,0.81,0.14203,0.28652,0.62896,0.06589,0.0328,-0.007,-0.325,-0.355,0.982,120.0,65.93,-0.13925451,0.947,0.425,71.165,16668021760.0,2611662080.0,buy,2.45161,104.0087,194.0,65.0,23.0,27000.0,NYQ,EQUITY
SBAC,Real Estate,REIT - Specialty,21117157376,United States,SBA Communications Corporation,24.130062,21.44602,,-4.2799625,7.750769,35802218496.0,19.969,2.25,4.44,0.5129,1.22,0.32251,0.54181,0.76015997,,0.09300999,0.058,0.384,0.387,0.812,247.04,185.45,-0.19787055,0.365,0.325,,14817864704.0,275275008.0,buy,2.22222,238.23529,280.0,198.0,17.0,1720.0,NMS,EQUITY
CHD,Consumer Defensive,Household & Personal Products,21108692992,United States,"Church & Dwight Co., Inc.",40.872646,23.230564,,4.803215,3.4798374,22953297920.0,17.16,1.34,1.18,0.546,1.14,0.08658,0.20759001,0.44972,0.120749995,0.0805,-0.003,-0.212,-0.216,0.425,116.46,85.08,-0.141298,1.845,1.269,54.844,2409700096.0,923200000.0,hold,2.56522,96.11111,114.0,73.0,18.0,5750.0,NYQ,EQUITY
WAT,Healthcare,Diagnostics & Research,21062909952,United States,Waters Corporation,31.907576,27.366976,,9.750489,6.914814,21982294016.0,20.828,,,0.0,,0.21712999,0.26216,0.59018004,0.37034,0.11704001,0.089,0.029,0.031,1.044,423.56,275.05,0.06529176,1.754,1.08,73.86,1595229952.0,367215008.0,buy,2.41176,355.74332,460.0,315.0,15.0,7600.0,NYQ,EQUITY
LULU,Consumer Cyclical,Apparel Retail,21093453824,Canada,lululemon athletica inc.,12.133015,11.913596,,4.8222857,1.9344629,21749272576.0,7.306,,,0.0,,0.16377,0.20743,0.59096,0.42422,0.21861,0.065,-0.016,-0.056,1.072,423.32,159.25,-0.40369242,2.266,0.832,40.178,1762717952.0,1155794048.0,hold,2.94118,194.35889,303.0,120.0,27.0,39000.0,NMS,EQUITY
L,Financial Services,Insurance - Property & Casualty,20723972096,United States,Loews Corporation,15.85873,34.451725,,1.1835434,1.1474432,25043714048.0,8.935,0.25,0.25,0.0397,0.4,0.07469,0.13787,0.36028,0.07991,0.01663,0.067,0.121,0.06,0.725,103.52,75.16,0.23332095,0.476,0.476,48.654,8947000320.0,5522999808.0,none,,,,,,13000.0,NYQ,EQUITY
CDW,Technology,Information Technology Services,20668934144,United States,CDW Corporation,19.61505,15.583498,,8.380095,0.944723,26201057280.0,13.063,1.6,2.5,0.3103,1.14,0.04921,0.07534,0.21572,0.46388,0.07434,0.102,-0.01,-0.035,1.003,222.92,137.31,-0.2865486,1.35,1.167,250.867,6189400064.0,481000000.0,buy,1.90909,205.3,235.0,176.0,10.0,15100.0,NMS,EQUITY
NI,Utilities,Utilities - Regulated Gas,20592844800,United States,NiSource Inc.,23.263298,23.513441,,2.3180685,3.3591905,38354030592.0,14.535,2.54,1.12,0.5798,3.33,0.14463,0.20459999,0.50407004,0.09305,0.03224,0.183,0.139,0.191,0.601,44.52,34.23,0.25155985,0.586,0.336,143.642,15796200448.0,335400000.0,buy,1.91667,44.8,47.0,36.0,10.0,7687.0,NYQ,EQUITY
DLTR,Consumer Defensive,Discount Stores,20522223616,United States,"Dollar Tree, Inc.",19.499031,16.603136,,5.7112446,1.1063638,27169048576.0,12.804,,,0.0,,-0.15799,0.04879,0.35829,0.20055,0.0529,0.123,0.479,0.423,0.858,118.06,60.49,0.5006721,1.036,0.191,203.675,7342700032.0,666300032.0,buy,2.42857,108.13043,135.0,70.0,23.0,64434.0,NMS,EQUITY
RL,Consumer Cyclical,Apparel Manufacturing,20514693120,United States,Ralph Lauren Corporation,27.05032,26.01152,,8.159347,2.8156705,21080229888.0,17.383,1.1,3.65,0.2706,2.23,0.109069996,0.16253,0.69029,0.32554,0.08615,0.137,0.349,0.307,1.626,340.61,176.61,0.6778822,1.837,1.236,128.776,3239099904.0,2276800000.0,buy,1.63158,353.11176,430.0,185.0,17.0,15000.0,NYQ,EQUITY
ZBH,Healthcare,Medical Devices,20294932480,United States,"Zimmer Biomet Holdings, Inc.",24.987804,11.912789,,1.618739,2.590688,27771920384.0,10.729,0.92,0.96,0.2341,0.79,0.10512,0.19521,0.71248,0.06529,0.04359,0.07,-0.347,-0.371,0.667,114.72,89.22,-0.00019228458,1.872,0.803,61.603,7721500160.0,556899968.0,buy,2.5,110.70833,130.0,96.0,24.0,17000.0,NYQ,EQUITY
DGX,Healthcare,Diagnostics & Research,20296167424,United States,Quest Diagnostics Incorporated,21.439482,18.693647,,2.79031,1.8706145,26218778624.0,12.246,1.77,3.2,0.3697,1.86,0.08931,0.14915,0.33446997,0.14353,0.0612,0.132,0.085,0.084,0.563,197.55,148.7,0.14671814,1.128,0.886,86.524,6382000128.0,435000000.0,buy,2.22222,195.375,215.0,166.0,16.0,45000.0,NYQ,EQUITY
CPAY,Technology,Software - Infrastructure,19972571136,United States,"Corpay, Inc.",19.214674,12.752028,,5.0836673,4.788064,26127364096.0,11.892,,,0.0,,0.25166,0.43501,0.78116,0.31151,0.0625,0.129,0.131,0.129,0.971,400.81,269.02,-0.17688793,1.116,0.669,209.504,8311399936.0,2210748928.0,buy,1.92857,368.5,440.0,320.0,12.0,11200.0,NYQ,EQUITY
KEY,Financial Services,Banks - Regional,19533422592,United States,KeyCorp,21.938751,11.250642,,1.1096991,3.29178,31299270656.0,,4.69,0.82,1.025,4.87,0.18115999,0.33727002,0.0,0.058179997,0.0057,2.026,,,1.131,20.04,12.73,0.013929248,,,,12266000384.0,2910000128.0,buy,2.17391,21.57727,43.0,18.0,22.0,17169.0,NYQ,EQUITY
BG,Consumer Defensive,Farm Products,19247966208,United States,Bunge Global SA,9.698588,10.345161,,1.1884526,0.3784351,25250922496.0,13.482,2.93,2.8,0.2762,2.66,0.027090002,0.02804,0.061539996,0.12528,0.03137,-0.036,4.438,4.057,0.646,99.41,67.4,0.058419228,2.065,0.956,102.15,12213000192.0,7136999936.0,buy,1.77778,98.33333,115.0,80.0,9.0,37000.0,NYQ,EQUITY
J,Industrials,Engineering & Construction,19150340096,United States,Jacobs Solutions Inc.,41.078205,24.090977,,5.017539,1.6180712,21479452672.0,17.231,0.81,1.28,0.31280002,0.75,0.04161,0.08728,0.25030002,0.084230006,0.04778,0.051,0.322,0.222,0.8,166.22,105.178215,0.12364721,1.395,1.354,63.387,3004278016.0,1293307008.0,buy,1.86667,159.66423,182.0,132.63493,13.0,45000.0,NYQ,EQUITY
TRMB,Technology,Scientific & Technical Instruments,19099400192,United States,Trimble Inc.,68.5983,26.932886,,3.358159,5.3417425,20069855232.0,27.302,,,0.0,,0.08018,0.15096,0.69575995,0.05065,0.035439998,0.006,-0.931,-0.932,1.657,87.5,52.91,0.3061427,0.936,0.585,26.589,1512400000.0,265900000.0,strong_buy,1.5,97.7,105.0,93.0,10.0,12100.0,NMS,EQUITY
PKG,Consumer Cyclical,Packaging & Containers,19097098240,United States,Packaging Corporation of America,21.181637,18.882563,,4.0948467,2.2101078,20585074688.0,11.35,2.4,5.0,0.499,2.85,0.10468,0.14807001,0.22195,0.20653999,0.0883,0.046,0.208,0.214,0.921,250.82,172.72,-0.08250189,3.538,2.212,60.681,2810800128.0,880300032.0,buy,2.36364,224.2,264.0,152.0,10.0,15400.0,NYQ,EQUITY
AMCR,Consumer Cyclical,Packaging & Containers,18847758336,Switzerland,Amcor plc,25.515625,10.335443,,1.6047564,1.2557638,33257560064.0,16.327,6.27,0.51,1.5859,4.59,0.03405,0.06277,0.18882,0.066020004,0.030669998,0.438,,,0.719,11.24,7.81,-0.2646793,1.207,0.609,130.417,15310999552.0,827000000.0,buy,1.75,10.42727,12.0,9.0,11.0,77000.0,NYQ,EQUITY
IT,Technology,Information Technology Services,18838898688,United States,"Gartner, Inc.",15.335697,18.858604,,12.465297,2.934404,19676026880.0,14.881,,,0.0,,0.19709,0.19392,0.67959,1.16125,0.09347,0.057,0.061,0.049,1.2,584.01,223.65,-0.5153393,1.106,0.979,186.789,2862774016.0,2198703104.0,hold,2.53846,295.54544,457.0,225.0,11.0,20994.0,NYQ,EQUITY
APTV,Consumer Cyclical,Auto Parts,18500872192,Switzerland,Aptiv PLC,19.22172,12.17192,,1.9092563,0.93467075,25581348864.0,8.139,,,0.0,1.16,0.05118,0.11002,0.19193001,0.094639994,0.05565,0.031,-0.481,-0.581,1.549,88.8,47.19,0.23671496,1.762,1.2,83.689,8348000256.0,1448000000.0,buy,1.90476,95.52941,109.0,60.0,17.0,141000.0,NYQ,EQUITY
TSN,Consumer Defensive,Farm Products,18393276416,United States,"Tyson Foods, Inc.",23.5,14.771429,,1.0030072,0.3396978,26403162112.0,7.948,3.79,2.0,0.90449995,2.95,0.014479999,0.03637,0.07598,0.04434,0.03413,0.04,-0.685,-0.681,0.56,65.95,51.07,-0.10689479,1.733,0.703,49.085,9064999936.0,1548000000.0,buy,2.5,61.75,80.0,52.0,12.0,138000.0,NYQ,EQUITY
GPC,Consumer Cyclical,Auto Parts,18343806976,United States,Genuine Parts Company,22.696215,15.568477,,3.8322823,0.76239073,24467800064.0,12.672,3.1,4.12,0.704,2.69,0.0336,0.0643,0.3703,0.16994,0.04434,0.049,0.0,-0.002,0.772,143.48,104.01,0.17460883,1.137,0.443,133.159,6398441984.0,431359008.0,buy,2.41667,144.77779,190.0,130.0,9.0,63000.0,NYQ,EQUITY
GDDY,Technology,Software - Infrastructure,18300190720,United States,GoDaddy Inc.,23.60357,19.698956,,45.391483,3.8509693,21047758848.0,18.059,,,0.0,,0.17014,0.21871,0.63974,2.8803,0.081199996,0.083,0.396,0.366,0.978,216.0,127.65,-0.18036544,0.637,0.42,959.866,3881700096.0,1154899968.0,none,,189.0,250.0,145.0,16.0,5518.0,NYQ,EQUITY
PSKY,Communication Services,Entertainment,18305763328,United States,Paramount Skydance Corporation,556.6667,13.017992,,0.67480206,0.63658935,24345907200.0,9.451,1.21,0.2,6.6667,2.96,-0.00049,0.10264,0.31774,0.00093999994,0.03042,0.005,,,1.273,20.86,9.95,0.6087378,1.388,1.034,90.626,15507000320.0,2739000064.0,hold,3.42105,13.79133,20.0,8.0,15.0,18600.0,NMS,EQUITY
MKC,Consumer Defensive,Packaged Foods,18090014720,United States,"McCormick & Company, Incorporated",23.40625,21.605772,,3.1447098,2.6650386,22699403264.0,17.564,2.62,1.8,0.6146,1.88,0.11462,0.17091,0.38231,0.1385,0.05155,0.027,0.011,0.011,0.628,86.24,63.66,-0.12936395,0.713,0.245,75.356,4358300160.0,94900000.0,buy,2.33333,77.38462,91.0,67.0,13.0,14100.0,NYQ,EQUITY
CTRA,Energy,Oil & Gas E&P,18013919232,United States,Coterra Energy Inc.,11.294259,10.130901,,1.2373539,2.8905518,21986160640.0,5.342,3.78,0.88,0.4115,4.48,0.25289,0.42282,0.74759,0.1142,0.05783,0.348,1.309,1.323,0.27,29.95,22.33,-0.028761983,1.126,0.982,30.136,4389000192.0,192000000.0,buy,1.66667,32.20833,38.0,26.0,24.0,915.0,NYQ,EQUITY
EVRG,Utilities,Utilities - Regulated Electric,17942908928,United States,"Evergy, Inc.",21.417582,19.29703,,1.8016685,3.0513594,32944427008.0,12.332,3.39,2.67,0.72660005,3.9,0.14287,0.23793,0.52052,0.0864,0.02843,-0.007,-0.177,-0.172,0.551,79.32,59.23,0.27725506,0.503,0.113,148.129,14811700224.0,27800000.0,buy,1.72727,80.61111,90.5,70.0,9.0,4731.0,NMS,EQUITY
SNA,Industrials,Tools & Accessories,17893199872,United States,Snap-on Incorporated,18.041426,17.0999,,3.0746474,3.497908,17631412224.0,12.648,2.5,8.56,0.4491,2.43,0.19827999,0.25257,0.51812,0.18330999,0.10019,0.036,0.068,0.057,0.774,373.9,289.81,0.053308725,4.399,3.222,22.27,1301400064.0,1533900032.0,buy,2.5,361.0,405.0,307.0,8.0,13000.0,NYQ,EQUITY
PNR,Industrials,Specialty Industrial Machinery,17869692928,United Kingdom,Pentair plc,27.786259,22.515463,,4.7289104,4.3284793,19361591296.0,18.302,0.91,1.0,0.2494,1.28,0.15844,0.22670999,0.40115002,0.17966999,0.08898,0.029,0.333,0.32,1.104,113.95,74.25,0.10011065,1.462,0.658,41.775,1580099968.0,128400000.0,buy,1.94737,120.5,135.0,100.0,18.0,9750.0,NYQ,EQUITY
PFG,Financial Services,Asset Management,17657741312,United States,"Principal Financial Group, Inc.",15.980846,9.391588,,1.5497488,1.1670065,17323194368.0,10.234,3.94,3.12,0.5968,3.54,0.07532,0.14093,0.45146,0.10395,0.0028600001,-0.148,0.201,0.15,1.029,90.31,68.39,-0.11723369,1.473,0.298,35.165,4169999872.0,4919900160.0,hold,3.08333,87.91667,103.0,73.0,12.0,19700.0,NMS,EQUITY
LNT,Utilities,Utilities - Regulated Electric,17639018496,United States,Alliant Energy Corporation,21.179012,21.244583,,2.4679015,4.25652,28595810304.0,15.773,2.96,2.03,0.6096,3.14,0.20076999,0.23205,0.47104,0.119399995,0.02734,0.075,0.996,1.0,0.54,69.16,56.08,0.10741401,0.572,0.328,158.251,11306999808.0,329000000.0,buy,2.18182,70.4,77.0,64.0,10.0,2998.0,NMS,EQUITY
INVH,Real Estate,REIT - Residential,17611724800,United States,Invitation Homes Inc.,32.2809,38.82432,,1.8215824,6.652242,25871568896.0,17.806,4.02,1.16,1.2921001,2.66,0.20586,0.27708998,0.58504003,0.05531,0.023810001,0.044,0.926,0.925,0.812,35.799,27.71,-0.15821677,1.729,0.476,84.594,8210143232.0,85391000.0,buy,2.16667,36.25,41.0,30.0,22.0,1750.0,NYQ,EQUITY
LII,Industrials,Building Products & Equipment,17326667776,United States,Lennox International Inc.,20.870724,21.147688,,16.19174,3.2414773,18604599296.0,15.896,1.05,5.2,0.207,1.14,0.15741,0.21566,0.33205003,0.92253995,0.19478,-0.048,0.045,0.028,1.105,689.44,485.47,-0.20557147,1.68,0.724,128.035,1370099968.0,59200000.0,hold,2.78947,595.3125,700.0,493.0,16.0,14200.0,NYQ,EQUITY
FFIV,Technology,Software - Infrastructure,17303660544,United States,"F5, Inc.",26.538324,19.559092,,5.0206685,5.720869,15942638592.0,18.686,,,0.0,,0.22058001,0.25157,0.81029,0.20583999,0.08269,0.122,0.332,0.318,1.063,346.0,213.24,0.39457786,1.602,1.449,7.484,259818000.0,1426957056.0,hold,2.84615,333.0,390.0,260.0,11.0,6159.0,NMS,EQUITY
INCY,Healthcare,Biotechnology,17267294208,United States,Incyte Corporation,20.904257,14.401466,,4.115471,3.7660437,14816687104.0,13.966,,,0.0,,0.18993999,0.25634,0.53223,0.24299,0.11524,0.165,,,0.737,92.86,53.56,0.34978545,2.85,2.553,1.017,42408000.0,2421737984.0,buy,2.42308,85.80952,115.0,65.0,21.0,2617.0,NMS,EQUITY
BBY,Consumer Cyclical,Specialty Retail,17203091456,United States,"Best Buy Co., Inc.",22.556473,11.970759,,6.342861,0.4135557,19552940032.0,7.593,4.67,3.8,1.0412999,3.93,0.0187,0.03867,0.22544001,0.26722,0.06979,0.016,-0.351,-0.361,1.243,95.49,54.99,-0.13546538,1.038,0.297,150.074,4076000000.0,1619000064.0,buy,2.37037,80.09524,95.0,60.0,21.0,85000.0,NYQ,EQUITY
DOW,Basic Materials,Chemicals,17012259840,United States,Dow Inc.,,7.717042,,0.98728865,0.40680695,32110917632.0,8.315,6.45,1.4,7.0,5.78,-0.023459999,0.00208,0.07972,-0.04739,0.010629999,-0.074,,,0.857,52.16,20.402,-0.57442635,1.689,0.779,97.386,18105999360.0,2737999872.0,hold,2.7,27.3125,45.0,20.0,16.0,36000.0,NYQ,EQUITY
WY,Real Estate,REIT - Specialty,16955507712,United States,Weyerhaeuser Company,61.842106,27.32558,,1.7811126,2.409822,21633873920.0,20.545,3.56,0.84,2.1578999,2.41,0.03965,0.08493,0.17254,0.02851,0.02073,-0.028,-0.494,-0.497,1.063,32.7,23.23,-0.26517272,1.038,0.573,54.504,5191000064.0,592000000.0,buy,1.61538,31.75,38.0,27.0,12.0,9440.0,NYQ,EQUITY
ESS,Real Estate,REIT - Residential,18124949504,United States,"Essex Property Trust, Inc.",21.094856,43.591366,,2.9991202,9.600298,23971358720.0,19.921,3.89,10.28,0.8071,3.41,0.42391998,0.33938998,0.68718004,0.1512,0.02947,0.059,1.376,1.382,0.823,316.29,243.85,-0.12440348,0.351,0.101,116.679,6812720128.0,61779000.0,hold,2.59259,291.7,318.0,239.0,25.0,1712.0,NYQ,EQUITY
ERIE,Financial Services,Insurance Brokers,16858253312,United States,Erie Indemnity Company,27.001675,24.059702,,7.71698,4.242701,16519924736.0,21.015,1.69,5.46,0.4418,1.74,0.15728,0.19319001,0.17566,0.31144,0.15571,0.07,0.067,0.066,0.297,467.54,306.8,-0.29578876,1.473,1.361,1.609,35159000.0,391265984.0,none,,,,,,6715.0,NMS,EQUITY
IFF,Basic Materials,Specialty Chemicals,16797056000,United States,International Flavors & Fragrances Inc.,,14.21692,,1.1661922,1.4860706,22678528000.0,12.813,2.47,1.6,1.6841999,2.8,-0.03477,0.09515,0.36247003,-0.02722,0.01799,-0.043,2.606,2.6,1.087,104.69,59.14,-0.3673011,1.862,0.902,47.451,6849999872.0,816000000.0,buy,1.8,81.95882,105.0,66.0,17.0,22400.0,NYQ,EQUITY
GEN,Technology,Software - Infrastructure,16720846848,United States,Gen Digital Inc.,28.28125,11.081633,,7.072154,3.9557242,24862797824.0,12.97,1.84,0.5,0.5208,2.16,0.14123,0.36675,0.7982,0.27543,0.06748,0.303,-0.246,-0.254,0.934,32.22,22.74,0.0070317984,0.5,0.399,377.717,8933000192.0,828000000.0,buy,2.18182,33.737,46.0,25.0,10.0,3500.0,NMS,EQUITY
FTV,Technology,Scientific & Technical Instruments,16678289408,United States,Fortive Corporation,22.204954,11.821342,,1.6058049,2.7125683,19757248512.0,12.064,0.49,0.24,0.1441,0.43,0.12507,0.17329,0.59778,0.0736,0.0385,-0.022,-0.109,-0.146,1.128,62.788242,45.504898,-0.13184273,0.983,0.77,47.908,4977299968.0,1832700032.0,hold,2.61111,56.125,65.0,50.0,16.0,18000.0,NYQ,EQUITY
LUV,Industrials,Airlines,16572403712,United States,Southwest Airlines Co.,50.08762,19.846037,,1.8089429,0.6032471,19232337920.0,11.227,2.13,0.72,1.1429,1.03,0.01427,0.031059999,0.21621999,0.04246,0.00669,-0.015,-0.326,-0.42,1.2,37.96,23.82,0.16333568,0.559,0.445,66.763,5341000192.0,3839000064.0,hold,2.95455,33.8,46.0,24.0,19.0,72242.0,NYQ,EQUITY
CNC,Healthcare,Healthcare Plans,16553637888,United States,Centene Corporation,8.180826,4.7876425,,0.60401064,0.10368657,18083610624.0,3.795,,,0.0,,0.01286,-0.00947,0.12746,0.07442,0.02587,0.166,,,0.476,70.11,25.08,-0.4154495,1.098,1.054,63.909,17577000960.0,17280999424.0,hold,2.75,36.0,70.0,24.0,17.0,60500.0,NYQ,EQUITY
HOLX,Healthcare,Medical Instruments & Supplies,16455454720,United States,"Hologic, Inc.",30.678421,15.664195,,3.3927586,4.0742416,17082657792.0,13.68,,,0.0,,0.13793,0.25483,0.60858,0.11377,0.06686,0.012,0.049,0.002,0.627,84.39,51.9,-0.08626872,3.555,2.59,52.091,2522500096.0,1883299968.0,buy,2.5,75.0,80.0,69.0,12.0,7063.0,NMS,EQUITY
EXPD,Industrials,Integrated Freight & Logistics,15967963136,United States,"Expeditors International of Washington, Inc.",19.193312,21.868958,,7.24209,1.416461,15529890816.0,13.21,1.3,1.54,0.2447,1.14,0.07565,0.09342,0.13541001,0.39038,0.14571999,0.087,0.081,0.046,1.076,129.15,100.47,-0.008111715,1.725,1.494,26.694,586550016.0,1156162048.0,underperform,3.66667,115.1875,130.0,90.0,16.0,19666.0,NYQ,EQUITY
JBHT,Industrials,Integrated Freight & Logistics,15759055872,United States,"J.B. Hunt Transport Services, Inc.",28.733507,23.050837,,4.411937,1.3079337,17938575360.0,11.484,1.04,1.76,0.3033,0.88,0.04753,0.07948,0.189,0.15126,0.062800005,-0.005,0.181,0.124,1.243,200.4,122.79,-0.04140836,0.867,0.664,54.419,1943774976.0,52290000.0,buy,2.0,166.0,186.0,133.0,24.0,33646.0,NMS,EQUITY
OMC,Communication Services,Advertising Agencies,15610440704,United States,Omnicom Group Inc.,11.930678,9.362268,,3.4925091,0.97168684,20554809344.0,7.969,3.45,2.8,0.413,3.52,0.08307,0.15593,0.18593,,,0.04,-0.103,-0.116,0.97,107.0,68.37,-0.19141948,,,129.382,7110300160.0,3300400128.0,buy,1.9,100.88889,115.0,82.0,9.0,74900.0,NYQ,EQUITY
MAA,Real Estate,REIT - Residential,16026376192,United States,"Mid-America Apartment Communities, Inc.",27.475307,32.175903,,2.6534586,7.2842035,20926496768.0,16.873,4.51,6.06,1.2284,3.28,0.25982,0.27533,0.58847,0.09573,0.03398,0.006,0.064,0.061,0.777,173.38,131.17,-0.13910425,0.059,0.039,83.591,5073380864.0,54482000.0,buy,2.42308,155.96,177.0,121.0,25.0,2532.0,NYQ,EQUITY
ZBRA,Technology,Communication Equipment,15608697856,United States,Zebra Technologies Corporation,28.988195,19.138714,,4.3146167,3.007456,16875268096.0,17.22,,,0.0,,0.10559,0.14462,0.48593,0.15875,0.06555,0.062,0.009,-0.009,1.752,427.76,205.73,-0.16412097,1.464,0.976,65.247,2360000000.0,872000000.0,buy,1.82353,372.33334,421.0,300.0,15.0,9900.0,NMS,EQUITY
TKO,Communication Services,Entertainment,15398202368,United States,"TKO Group Holdings, Inc.",76.518364,57.86111,,3.5944781,5.19167,23979229184.0,25.516,1.63,3.04,0.31149998,,0.07111,0.28148,0.74814004,0.066700004,0.02619,0.097,0.627,0.664,0.266,212.49,114.01,0.6258261,1.296,0.833,29.527,3059768064.0,535060992.0,strong_buy,1.42857,220.36842,250.0,171.0,19.0,,NYQ,EQUITY
DECK,Consumer Cyclical,Footwear & Accessories,15325351936,United States,Deckers Outdoor Corporation,15.869431,16.24371,,6.2193727,2.9904275,13558017024.0,10.53,,,0.0,,0.19311,0.17136,0.57633,0.43578997,0.21270001,0.169,0.24,0.204,1.054,223.98,93.72,-0.33642465,2.937,2.017,12.647,312071008.0,1720416000.0,buy,2.36,126.22045,157.0,92.0,22.0,5500.0,NYQ,EQUITY
KIM,Real Estate,REIT - Retail,14996603904,United States,Kimco Realty Corporation,27.006098,31.635715,,1.4254909,7.158871,23436404736.0,18.372,4.46,1.0,1.2073001,4.11,0.28538,0.33234,0.68894994,0.05632,0.02201,0.05,0.386,0.361,1.318,25.83,17.93,-0.0643006,2.151,2.146,77.343,8289573888.0,226552992.0,buy,2.24,24.57955,30.0,22.0,22.0,717.0,NYQ,EQUITY
LYB,Basic Materials,Specialty Chemicals,14873023488,United States,LyondellBasell Industries N.V.,98.38298,5.3704996,,1.2488185,0.38476324,26306508800.0,9.352,12.12,5.48,11.468101,5.6,0.0066000004,0.04087,0.086969994,0.0121,0.02639,-0.118,-0.877,-0.876,0.89,89.5,44.87,-0.4892078,1.774,0.788,111.01,13360000000.0,1718000000.0,hold,2.9,57.0,90.0,38.0,18.0,20000.0,NYQ,EQUITY
CHRW,Industrials,Integrated Freight & Logistics,14871810048,United States,"C.H. Robinson Worldwide, Inc.",28.62159,26.45693,,8.350574,0.8741655,16551023616.0,20.04,1.95,2.48,0.5636,2.38,0.03141,0.05314,0.082100004,0.32432997,0.090500005,-0.077,0.2,0.208,0.905,138.0,84.68,0.19132388,1.313,1.256,94.807,1691725056.0,155992992.0,buy,2.18519,137.38461,166.0,71.0,26.0,13166.0,NMS,EQUITY
COO,Healthcare,Medical Instruments & Supplies,14739693568,United States,"The Cooper Companies, Inc.",36.343136,18.171568,,1.764566,3.6432986,17154924544.0,15.412,,,0.0,0.02,0.1008,0.16570999,0.6696,0.050100002,0.03794,0.057,-0.058,-0.061,1.023,109.04,61.78,-0.30615097,2.116,0.908,29.67,2478299904.0,124900000.0,buy,2.10526,83.0,96.0,64.0,17.0,16000.0,NMS,EQUITY
EG,Financial Services,Insurance - Reinsurance,14620592128,Bermuda,"Everest Group, Ltd.",18.221642,5.24417,,0.9724674,0.8252761,13796881408.0,,2.3,8.0,0.41799998,2.15,0.045500003,0.195,0.06706,0.0552,0.01199,0.075,-0.037,-0.061,0.472,392.78,320.0,-0.09992248,0.393,0.277,23.89,3588000000.0,4405000192.0,hold,2.53333,390.86667,500.0,287.0,15.0,3037.0,NYQ,EQUITY
AVY,Consumer Cyclical,Packaging & Containers,14494049280,United States,Avery Dennison Corporation,21.097048,17.667776,,6.5570097,1.6526853,17209919488.0,11.984,2.1,3.76,0.4132,1.59,0.07932,0.12687999,0.28561002,0.30211002,0.08288,0.015,-0.053,-0.085,0.953,209.83,156.23,-0.12646371,1.264,0.776,171.013,3781100032.0,536300000.0,buy,2.08333,197.09091,215.0,177.0,11.0,35000.0,NYQ,EQUITY
ALLE,Industrials,Security & Protection Services,14506344448,Ireland,Allegion plc,23.469444,21.691912,,8.119744,3.7420275,16639664128.0,17.815,1.16,2.04,0.275,1.35,0.16153,0.21497,0.44827998,0.38994,0.10665,0.058,0.045,0.028,1.078,180.68,116.57,0.20809531,2.303,1.557,124.847,2230400000.0,656800000.0,hold,2.58333,180.72726,198.0,165.0,11.0,14400.0,NYQ,EQUITY
MAS,Industrials,Building Products & Equipment,14472721408,United States,Masco Corporation,18.336126,15.639637,,-172.38702,1.8886495,17509904384.0,11.673,1.8,1.24,0.3183,1.65,0.10505,0.20087999,0.3637,5.14458,0.15899,-0.019,0.094,0.047,1.177,83.1,56.55,-0.16771233,1.818,1.062,2149.333,3224000000.0,390000000.0,hold,2.52174,75.57895,85.0,65.0,19.0,18000.0,NYQ,EQUITY
DPZ,Consumer Cyclical,Restaurants,14310659072,United States,"Domino's Pizza, Inc.",24.740946,24.011621,,-3.7523477,2.9517663,20462147584.0,20.688,1.64,6.96,0.39330003,1.12,0.12159,0.18064,0.28636998,,0.33951,0.031,0.301,0.215,1.121,500.55,397.12,0.023391366,1.609,0.773,,5299667968.0,295352000.0,buy,1.9697,500.03333,597.0,340.0,30.0,6400.0,NMS,EQUITY
CLX,Consumer Defensive,Household & Personal Products,14265775104,United States,The Clorox Company,17.967793,16.06996,,44.782112,2.0081327,17364527104.0,12.43,4.2,4.96,0.7485,3.08,0.114020005,0.20976,0.45158002,1.69199,0.13095,0.045,0.555,0.537,0.515,171.37,116.32,-0.25663608,0.838,0.515,604.979,2916000000.0,167000000.0,hold,3.15789,129.88235,166.0,110.0,17.0,7600.0,NYQ,EQUITY
TXT,Industrials,Aerospace & Defense,14168211456,United States,Textron Inc.,17.90653,11.866418,,1.9055893,1.0075531,17451192320.0,11.572,0.1,0.08,0.018,0.11,0.058029998,0.08906999,0.17771,0.114250004,0.041490003,0.054,0.004,-0.054,1.131,89.28,57.7,0.013375878,1.837,0.664,54.985,4087000064.0,1352000000.0,buy,2.28571,92.30769,107.0,82.0,13.0,34000.0,NYQ,EQUITY
CF,Basic Materials,Agricultural Inputs,14106224640,United States,"CF Industries Holdings, Inc.",11.414154,14.092233,,2.8421772,2.1880293,18416336896.0,6.469,2.33,2.0,0.26209998,2.15,0.20195,0.34021,0.35598,0.19795,0.08828,0.202,0.031,-0.081,0.918,104.45,67.34,0.032564282,3.224,2.737,42.527,3326000128.0,1686000000.0,hold,2.68421,93.70588,110.0,78.0,17.0,2800.0,NYQ,EQUITY
BLDR,Industrials,Building Products & Equipment,13783267328,United States,"Builders FirstSource, Inc.",18.862707,10.702361,,3.2986534,0.86446035,18777229312.0,10.436,,,0.0,,0.04744,0.073520005,0.31577,0.17833,0.069180004,-0.05,-0.422,-0.462,1.625,194.36,102.6,-0.32527798,1.792,1.007,127.199,5314510848.0,87020000.0,buy,2.1,139.01952,158.0,109.41,21.0,29000.0,NYQ,EQUITY
BALL,Consumer Cyclical,Packaging & Containers,13467288576,United States,Ball Corporation,24.497526,14.018414,,2.5859637,1.0863345,20684406784.0,10.646,1.61,0.8,0.396,1.19,0.044850003,0.10665,0.20166,0.09592,0.04448,0.128,0.49,0.342,1.089,65.44,43.51,-0.23011452,0.999,0.608,139.757,7375000064.0,301000000.0,buy,2.26667,61.23077,84.0,48.0,13.0,16000.0,NYQ,EQUITY
UHS,Healthcare,Medical Care Facilities,13370488832,United States,"Universal Health Services, Inc.",11.069548,11.569384,,1.9019083,0.8122878,18375016448.0,7.619,0.38,0.8,0.0422,0.48,0.07661,0.116780005,0.42870998,0.18789,0.07808,0.096,0.275,0.222,1.305,234.39,152.33,-0.0634737,1.29,1.053,70.09,5007996928.0,137595008.0,buy,2.26316,225.0625,280.0,165.0,16.0,99300.0,NYQ,EQUITY
BF-B,Consumer Defensive,Beverages - Wineries & Distilleries,13185485824,United States,Brown-Forman Corporation,15.661285,14.75458,,3.3231034,3.3397887,15509622784.0,12.786,3.23,0.91,0.50130004,1.52,0.21378,0.27165002,0.59016997,0.22649,0.08595,-0.028,-0.123,-0.128,0.526,49.17,25.53,-0.42650062,2.791,0.88,67.728,2700999936.0,471000000.0,hold,3.0,30.8,40.0,25.0,18.0,5000.0,NYQ,EQUITY
NDSN,Industrials,Specialty Industrial Machinery,13228503040,United States,Nordson Corporation,29.57789,22.616714,,4.4364047,4.751022,15229129728.0,18.153,1.4,3.28,0.3925,1.02,0.16341999,0.26538,0.5456,0.15594,0.0769,0.121,0.088,0.072,0.967,266.86,165.03,-0.059222937,1.694,0.941,74.482,2220894976.0,147788000.0,buy,2.0,257.3,285.0,224.0,10.0,7700.0,NMS,EQUITY
ARE,Real Estate,REIT - Office,13176250368,United States,"Alexandria Real Estate Equities, Inc.",,22.436047,,0.76458234,4.253153,31151759360.0,15.743,6.79,5.28,6.8946996,3.8,-0.00331,0.20363002,0.70157,0.00784,0.012,-0.018,,,1.319,120.58,67.37,-0.3315857,3.245,2.811,62.825,13657519104.0,520544992.0,buy,2.28571,96.78571,144.0,79.0,14.0,552.0,NYQ,EQUITY
REG,Real Estate,REIT - Retail,13192807424,United States,Regency Centers Corporation,33.752335,34.39524,,2.0267124,8.5228815,18434742272.0,18.811,3.88,2.82,1.3014,4.01,0.26071,0.40392,0.71344,0.05969,0.03033,0.068,0.037,0.033,1.101,78.18,63.44,0.008333325,0.788,0.671,73.57,5044620800.0,159088000.0,buy,1.85714,80.05,86.0,75.0,20.0,495.0,NMS,EQUITY
HRL,Consumer Defensive,Packaged Foods,13080448000,United States,Hormel Foods Corporation,17.359634,14.072603,,1.618201,1.0847411,15518522368.0,12.016,4.8,1.16,0.84120005,2.81,0.06257,0.08015,0.16363001,0.09442,0.048410002,0.046,0.031,0.04,0.296,33.8,23.13,-0.22322291,2.469,1.074,35.301,2856904960.0,630668992.0,none,,28.75,34.0,25.0,8.0,20000.0,NYQ,EQUITY
WYNN,Consumer Cyclical,Resorts & Casinos,13066730496,United States,"Wynn Resorts, Limited",37.180473,25.033865,,-29.300535,1.8746257,21710467072.0,12.736,0.84,1.0,0.2959,2.28,0.055069998,0.15807,0.6832,,0.053039998,0.003,-0.298,-0.408,1.305,134.23,65.25,0.21950972,1.034,0.954,,12169550848.0,1984752000.0,strong_buy,1.44444,134.73529,149.0,110.0,17.0,28000.0,NMS,EQUITY
DOC,Real Estate,REIT - Healthcare Facilities,12838711296,United States,"Healthpeak Properties, Inc.",76.97917,73.9,,1.6193355,4.592435,22859321344.0,15.079,6.55,1.22,5.0417004,5.27,0.05899,0.17898001,0.60089,0.02138,0.01525,-0.002,-0.781,-0.783,1.066,23.26,16.63,-0.19043475,4.007,1.54,109.007,9360363520.0,99358000.0,buy,1.8,21.13889,29.0,18.0,18.0,387.0,NYQ,EQUITY
IEX,Industrials,Specialty Industrial Machinery,12527495168,United States,IDEX Corporation,26.881407,19.530035,,3.1275074,3.7498488,13830239232.0,15.381,1.71,2.84,0.44979998,1.17,0.14051,0.21955,0.44576,0.12229,0.06883,0.072,-0.065,-0.069,1.036,238.22,153.36,-0.18247491,3.051,1.971,46.768,1875600000.0,568200000.0,buy,2.0,193.74402,213.0,170.0,13.0,9000.0,NYQ,EQUITY
FOX,Communication Services,Entertainment,24867264512,United States,Fox Corporation,10.763747,22.489363,,1.9720149,1.525599,25893183488.0,7.35,1.07,0.56,0.11,1.46,0.13883,0.22361,0.35472,0.19589001,0.086569995,0.063,1.298,1.248,0.543,59.29,38.16,0.36906624,2.91,2.7,60.421,7464999936.0,5351000064.0,none,,,,,,10400.0,NMS,EQUITY
SOLV,Healthcare,Medical Instruments & Supplies,12465228800,United States,Solventum Corporation,32.97807,13.000397,,3.4198554,1.4860789,19938695168.0,14.48,,,0.0,,0.045300003,0.09810001,0.54876,0.11670999,0.03554,0.038,0.0,0.011,,85.92,60.7,-0.0060109496,1.224,0.667,214.403,7815000064.0,492000000.0,hold,2.69231,85.11111,103.0,72.0,9.0,22000.0,NYQ,EQUITY
FOXA,Communication Services,Entertainment,24815927296,United States,Fox Corporation,11.987781,15.780161,,2.1962688,1.5224495,28606496768.0,8.12,0.96,0.56,0.11,1.36,0.13883,0.22361,0.35472,0.19589001,0.086569995,0.063,1.298,1.248,0.543,65.3,41.59,0.40445936,2.91,2.7,60.421,7464999936.0,5351000064.0,buy,2.3,62.97059,74.0,53.0,17.0,10400.0,NMS,EQUITY
VTRS,Healthcare,Drug Manufacturers - Specialty & Generic,12049288192,United States,Viatris Inc.,,3.8707864,,0.77375156,0.85360897,26139129856.0,6.355,4.61,0.48,9.6,0.89,-0.24570999,0.09949,0.40857,-0.19768,0.022969998,-0.057,,,0.889,13.55,6.85,-0.09320557,1.37,0.618,95.122,14810999808.0,808600000.0,buy,2.4,12.0,15.0,8.0,8.0,32000.0,NMS,EQUITY
UDR,Real Estate,REIT - Residential,13709024256,United States,"UDR, Inc.",93.153854,77.297874,,3.6674745,7.99415,19083282432.0,18.923,4.7,1.72,4.3718,3.69,0.07694,0.19672,0.66463995,0.03121,0.01878,0.023,0.375,0.304,0.855,46.62,35.21,-0.17771286,0.238,0.002,139.058,5956016128.0,1548000.0,hold,2.52174,43.02273,47.0,37.0,22.0,1419.0,NYQ,EQUITY
BEN,Financial Services,Asset Management,11741605888,United States,"Franklin Resources, Inc.",44.343136,8.698077,,0.9605828,1.3592653,14541125632.0,8.921,5.67,1.28,2.4902,4.69,0.03735,0.103199996,0.37570998,0.020769998,0.020599999,-0.028,-0.531,-0.47,1.526,26.08,16.25,0.11665845,4.413,1.284,26.57,3835399936.0,3253900032.0,hold,3.0,24.90909,31.0,20.0,11.0,10100.0,NYQ,EQUITY
BAX,Healthcare,Medical Instruments & Supplies,11733672960,United States,Baxter International Inc.,,7.932291,,1.6025956,1.0777692,19789330432.0,9.705,2.97,0.68,3.0769,2.3,-0.01424,0.15445,0.38844,-0.03213,0.02734,0.043,,,0.577,37.74,21.33,-0.37571466,2.296,1.209,133.347,9724999680.0,1686000000.0,hold,2.70588,28.0,47.0,19.0,15.0,38000.0,NYQ,EQUITY
BXP,Real Estate,REIT - Office,12963665920,United States,"BXP, Inc.",3666.1252,39.209892,,2.2081099,3.8014297,30318637056.0,15.989,3.83,2.8,196.0,5.1,0.00145,0.29013002,0.60317004,0.009509999,0.024549998,0.016,0.105,0.118,1.235,88.72,54.22,-0.16438359,0.888,0.791,211.337,16584486912.0,447582016.0,buy,2.26087,79.5,91.0,65.0,20.0,816.0,NYQ,EQUITY
HST,Real Estate,REIT - Hotel & Motel,11602522112,United States,"Host Hotels & Resorts, Inc.",17.723404,17.175257,,1.7255309,1.9539444,16842720256.0,10.435,4.76,0.8,0.8511,4.49,0.11098,0.17107001,0.29151,0.097200006,0.04085,0.083,-0.06,-0.075,1.379,19.36,12.22,-0.04869765,2.203,2.195,83.267,5642999808.0,490000000.0,buy,1.94737,18.80556,22.0,16.0,18.0,165.0,NMS,EQUITY
HII,Industrials,Aerospace & Defense,11409213440,United States,"Huntington Ingalls Industries, Inc.",21.762726,18.542728,,2.3369744,0.98618835,13696212992.0,13.961,1.95,5.52,0.4001,2.24,0.04538,0.06554,0.123780005,0.11589,0.03487,0.035,-0.119,-0.121,0.371,296.03,158.88,0.11362386,1.081,0.976,59.586,2908999936.0,343000000.0,hold,2.6,296.44443,324.0,260.0,9.0,44000.0,NYQ,EQUITY
ALB,Basic Materials,Specialty Chemicals,11388176384,United States,Albemarle Corporation,,52.59239,,1.422398,2.2807014,15173859328.0,32.066,1.77,1.62,0.5797,1.19,-0.18614,0.041490003,0.08164,-0.081070006,-0.00644,-0.07,,,1.657,113.91,49.43,-0.040777743,2.311,1.378,35.682,3746203904.0,1806829056.0,hold,2.72,93.83091,200.0,58.0,22.0,8300.0,NYQ,EQUITY
RVTY,Healthcare,Diagnostics & Research,11308951552,United States,"Revvity, Inc.",42.36087,18.881784,,1.4999845,4.041124,13488834560.0,16.156,0.29,0.28,0.121700004,0.23,0.10191,0.14314,0.55917,0.03613,0.02046,0.041,0.023,-0.026,0.985,129.5,81.36,-0.17616671,3.329,2.46,44.664,3374859008.0,991849024.0,buy,1.83333,112.66667,135.0,99.0,15.0,11000.0,NYQ,EQUITY
JKHY,Technology,Information Technology Services,11295165440,United States,"Jack Henry & Associates, Inc.",24.950432,24.595125,,5.3133206,4.7552824,11390041088.0,18.232,1.48,2.32,0.36220002,1.18,0.19187,0.25301,0.42712003,0.22941,0.11911,0.099,0.267,0.262,0.779,196.0,144.12,-0.1494664,1.272,0.851,2.402,51187000.0,101953000.0,hold,2.5625,179.83333,206.0,155.0,12.0,7240.0,NMS,EQUITY
PAYC,Technology,Software - Application,11300260864,United States,"Paycom Software, Inc.",27.107962,23.03555,,6.10065,5.7657332,10932521984.0,17.422,0.74,1.5,0.2024,,0.21209998,0.23222,0.86168,0.25752002,0.08253,0.105,0.317,0.316,0.827,267.76,163.75,0.2250272,1.299,0.313,4.506,81200000.0,532200000.0,buy,2.5,242.75,290.0,208.0,16.0,7306.0,NYQ,EQUITY
SWKS,Technology,Semiconductors,11207766016,United States,"Skyworks Solutions, Inc.",30.083666,11.798438,,1.9824101,2.7937698,10868344832.0,12.537,3.84,2.84,1.1155,2.33,0.09876,0.11617,0.41489,0.06609,0.04631,0.066,-0.067,-0.132,1.195,98.34,47.93,-0.22202355,2.387,1.422,21.368,1207800064.0,1317900032.0,hold,3.15385,72.44444,106.0,58.0,18.0,10100.0,NMS,EQUITY
CPT,Real Estate,REIT - Residential,11125506048,United States,Camden Property Trust,72.811195,64.27161,,2.471398,7.0857496,15023207424.0,16.938,4.02,4.2,2.9091,3.23,0.09934,0.18011999,0.61421,0.034140002,0.02021,0.02,0.874,0.88,0.808,127.65,100.6,-0.1325301,0.037,0.028,82.154,3828363008.0,33091000.0,buy,2.4,120.90217,142.0,106.0,23.0,1660.0,NYQ,EQUITY
GNRC,Industrials,Specialty Industrial Machinery,11125547008,United States,Generac Holdings Inc.,31.549084,23.095007,,4.32781,2.521854,12010916864.0,16.154,,,0.0,,0.07907,0.105349995,0.39949,0.14154,0.06687,0.063,0.289,0.252,1.644,203.25,99.5,0.10261965,2.003,0.778,57.764,1487545984.0,223531008.0,buy,2.04762,206.82353,250.0,172.0,17.0,5389.0,NYQ,EQUITY
PNW,Utilities,Utilities - Regulated Electric,11078668288,United States,Pinnacle West Capital Corporation,19.087448,19.82158,,1.6469303,2.1081183,25148186624.0,12.51,3.87,3.58,0.7335,4.37,0.10962,0.22907,0.40884998,0.090270005,0.02338,0.038,-0.102,-0.055,0.46,96.5,81.47,0.03358996,0.522,0.246,205.106,14004524032.0,18841000.0,buy,2.5,96.33333,113.0,80.0,12.0,6403.0,NYQ,EQUITY
GL,Financial Services,Insurance - Life,11010000896,United States,Globe Life Inc.,10.864907,10.030996,,2.1513817,1.8713692,13817845760.0,9.117,0.8,1.08,0.081599995,0.81,0.18110001,0.23819,0.32554,0.20015,0.03196,0.029,0.08,-0.022,0.552,147.83,100.27,0.23987567,0.632,0.502,58.815,3187182080.0,355846016.0,buy,1.72727,165.72726,188.0,145.0,11.0,3732.0,NYQ,EQUITY
POOL,Industrials,Industrial Distribution,11005708288,United States,Pool Corporation,27.23147,24.515114,,8.470726,2.0858307,12575170560.0,19.831,1.68,5.0,0.4474,1.05,0.07786,0.1528,0.29455,0.30175,0.10037,0.008,0.036,0.009,1.104,395.6,282.22,-0.21132696,2.516,0.817,119.571,1553373952.0,83669000.0,buy,2.5,330.72726,375.0,285.0,11.0,6000.0,NMS,EQUITY
SJM,Consumer Defensive,Packaged Foods,10975768576,United States,The J. M. Smucker Company,,9.770181,,1.8521919,1.2595123,19263870976.0,10.309,4.2,4.4,0.8606,3.21,-0.16750999,0.031040002,0.3536,-0.21316999,0.04463,-0.006,,,0.241,125.42,93.3,-0.105006814,0.813,0.231,137.159,8127900160.0,39300000.0,buy,2.47368,116.1875,130.0,105.0,16.0,8000.0,NYQ,EQUITY
HAS,Consumer Cyclical,Leisure,10856803328,United States,"Hasbro, Inc.",,17.476297,,45.011627,2.5540612,13370677248.0,13.183,3.73,2.8,0.92410004,3.97,-0.13369,0.22808,0.64559996,-0.77416,0.09019,-0.015,,,0.597,82.19,49.0,0.13706505,1.662,1.135,1241.676,3348800000.0,546600000.0,strong_buy,1.46154,89.58333,100.0,80.0,12.0,4985.0,NMS,EQUITY
FDS,Financial Services,Financial Data & Stock Exchanges,10748467200,United States,FactSet Research Systems Inc.,18.465895,15.361884,,4.955532,4.629472,12149922816.0,13.411,1.52,4.4,0.2752,0.89,0.25715,0.29707,0.52717,0.29132,0.111899994,0.062,0.731,0.716,0.786,499.87,272.5,-0.3650877,1.4,1.2,71.282,1558509056.0,355096000.0,hold,3.3,338.125,430.0,282.0,16.0,12800.0,NYQ,EQUITY
SWK,Industrials,Tools & Accessories,10838552576,United States,"Stanley Black & Decker, Inc.",22.158226,12.754098,,1.195615,0.71486866,17547767808.0,11.809,4.8,3.32,1.038,3.1,0.03155,0.054619998,0.29571,0.053790003,0.026730001,-0.02,,,1.188,104.35,53.91,-0.32714552,1.043,0.281,78.818,7143300096.0,311800000.0,buy,2.47368,86.31508,120.15,64.0,14.0,48000.0,NYQ,EQUITY
DAY,Technology,Software - Application,10823443456,United States,Dayforce Inc,228.33333,30.995474,,4.050618,5.845139,11543138304.0,44.058,,,0.0,,0.02646,0.080699995,0.50948,0.01893,0.00821,0.098,,,1.175,82.69,48.005,0.052874327,1.038,0.175,45.495,1229400064.0,625200000.0,hold,2.75,70.0,72.0,68.0,12.0,9600.0,NYQ,EQUITY
NCLH,Consumer Cyclical,Travel Services,10787171328,United States,Norwegian Cruise Line Holdings Ltd.,16.229452,11.337321,,6.7449474,1.128248,25084411904.0,9.911,,,0.0,,0.075219996,0.16836001,0.41352,0.63567,0.04587,0.061,-0.808,-0.816,2.222,29.29,14.21,0.01765716,0.184,0.07,929.5,14589154304.0,184015008.0,buy,1.73913,31.21429,43.0,25.0,21.0,41700.0,NYQ,EQUITY
AKAM,Technology,Software - Infrastructure,10711616512,United States,"Akamai Technologies, Inc.",26.397528,11.183384,,2.4849484,2.623306,15016823808.0,13.052,,,0.0,,0.10399,0.14934,0.59134,0.092080005,0.03808,0.065,-0.174,-0.213,0.756,105.26,67.51,-0.27324903,2.31,1.983,117.988,5271114752.0,966624000.0,buy,2.375,94.29545,133.0,66.0,22.0,10944.0,NMS,EQUITY
AIZ,Financial Services,Insurance - Property & Casualty,10650426368,United States,"Assurant, Inc.",15.30602,11.7784605,,1.9397321,0.8655435,10886412288.0,8.889,1.52,3.2,0.22629999,1.73,0.05827,0.09996,0.1026,0.13654,0.0178,0.08,0.274,0.247,0.549,230.55,174.97,0.07928932,0.407,0.136,37.909,2084400000.0,1803000064.0,buy,1.57143,245.16667,255.0,232.0,6.0,14200.0,NYQ,EQUITY
TECH,Healthcare,Biotechnology,10301456384,United States,Bio-Techne Corporation,143.83696,30.212328,,5.343644,8.446344,10204380160.0,30.816,0.5,0.32,0.6957,0.41,0.06018,0.36296,0.66504997,0.03681,0.06301,0.036,,,1.479,80.8,46.01,-0.06698847,3.459,2.099,23.142,444057984.0,162186000.0,strong_buy,1.46667,67.08333,75.0,53.0,12.0,3100.0,NMS,EQUITY
MRNA,Healthcare,Biotechnology,10236145664,United States,"Moderna, Inc.",,-3.0123565,,1.0846577,3.3255832,6056791552.0,-1.976,,,0.0,,-0.94314003,-6.38732,-0.71442,-0.27502,-0.14774999,-0.411,,,2.007,57.69,23.15,-0.49147725,3.926,3.555,7.884,741000000.0,5130999808.0,hold,2.83333,42.05,178.0,12.0,20.0,5800.0,NMS,EQUITY
AES,Utilities,Utilities - Diversified,10153826304,United States,The AES Corporation,10.969232,7.0246305,,3.013525,0.8439018,46210187264.0,15.023,4.93,0.7,0.53610003,3.51,0.076630004,0.14011,0.16922002,0.01742,0.022769999,-0.03,,,0.924,17.37,9.46,-0.1584217,0.823,0.419,313.243,30891999232.0,1350000000.0,hold,2.57143,14.875,24.0,8.5,12.0,9100.0,NYQ,EQUITY
IPG,Communication Services,Advertising Agencies,10136422400,United States,"The Interpublic Group of Companies, Inc.",23.45339,10.063636,,2.7311752,1.1457987,12867780608.0,7.483,4.75,1.32,1.1186,3.91,0.04993,0.17042999,0.236,0.11933,0.053940002,-0.066,-0.228,-0.242,1.079,33.05,22.51,-0.070592165,1.068,0.978,110.56,4184699904.0,1564400000.0,none,,33.2,39.0,25.6,8.0,51300.0,NYQ,EQUITY
IVZ,Financial Services,Asset Management,10103309312,United States,Invesco Ltd.,24.360216,11.986773,,0.9300846,1.641987,15216555008.0,12.437,3.69,0.84,0.8871,4.24,0.13268,0.14134,0.28087,0.052529998,0.023659999,0.022,,0.063,1.629,24.54,11.6,0.29284906,0.631,0.631,12.594,1883900032.0,922700032.0,hold,2.57143,25.26923,30.0,20.0,13.0,8407.0,NYQ,EQUITY
ALGN,Healthcare,Medical Instruments & Supplies,9879166976,United States,"Align Technology, Inc.",23.021957,13.283625,,2.524824,2.4917176,9049565184.0,11.323,,,0.0,,0.110369995,0.16103001,0.69935,0.1141,0.065,-0.016,0.342,0.29,1.704,246.19,122.0,-0.37353295,1.227,1.029,3.144,123020000.0,901156992.0,buy,2.11765,175.07143,220.0,140.0,14.0,21485.0,NMS,EQUITY
NWSA,Communication Services,Entertainment,15470203904,United States,News Corporation,31.386906,24.872643,,1.6988852,1.8303602,15975506944.0,14.088,0.76,0.2,0.23809999,0.91,0.13961,0.09104,0.56188,0.07043,0.037130002,0.008,13.856,13.86,1.181,31.61,23.38,0.0115606785,1.845,1.534,31.313,2940000000.0,2409999872.0,buy,1.66667,37.41111,45.0,28.0,9.0,22300.0,NMS,EQUITY
AOS,Industrials,Specialty Industrial Machinery,9615692800,United States,A. O. Smith Corporation,19.114208,16.859951,,5.20914,2.5369883,19268675584.0,25.086,2.02,1.38,0.37330002,1.71,0.13683,0.2035,0.38201,0.27603,0.13332,-0.013,0.009,-0.026,1.303,78.25,58.83,-0.11817944,1.647,0.971,18.035,332900000.0,177900000.0,hold,2.57143,80.09091,89.0,65.0,11.0,12700.0,NYQ,EQUITY
MOS,Basic Materials,Agricultural Inputs,9473743872,United States,The Mosaic Company,10.118644,12.134147,,0.76165444,0.8418562,13900167168.0,7.147,2.97,0.88,0.2915,1.68,0.083529994,0.09595,0.15335,0.07914,0.021289999,0.067,,,1.01,38.23,22.36,0.11007118,1.136,0.376,36.763,4626500096.0,286200000.0,buy,2.10526,37.69474,48.0,30.0,19.0,13765.0,NYQ,EQUITY
CRL,Healthcare,Diagnostics & Research,9397939200,United States,"Charles River Laboratories International, Inc.",,18.575876,,2.8023012,2.3327966,11855462400.0,12.405,,,0.0,,-0.01664,0.16668,0.35027,-0.01809,0.043109998,0.006,-0.391,-0.444,1.503,230.02,91.86,0.023367763,1.36,0.88,82.039,2788969984.0,182824000.0,buy,2.16667,186.86667,211.0,155.0,15.0,18700.0,NYQ,EQUITY
CPB,Consumer Defensive,Packaged Foods,9242190848,United States,The Campbell's Company,15.445273,9.104105,,2.3709333,0.9014134,16433005568.0,8.695,4.97,1.56,0.7662,3.35,0.058709998,0.13098,0.30732,0.15636,0.06123,0.012,,,0.023,48.25,29.39,-0.33219832,0.768,0.246,184.734,7212000256.0,132000000.0,hold,3.04762,34.47368,60.0,29.0,19.0,13700.0,NMS,EQUITY
DVA,Healthcare,Medical Care Facilities,9153430528,United States,DaVita Inc.,12.612809,11.359361,,-25.706827,0.6954793,23227817984.0,8.641,,,0.0,,0.063540004,0.15697,0.32541,0.57942003,0.07154,0.061,0.032,-0.105,1.124,179.6,122.93,-0.2001487,1.393,1.276,825.189,12815374336.0,739430976.0,hold,2.88889,150.5,186.0,137.0,8.0,76000.0,NYQ,EQUITY
MGM,Consumer Cyclical,Resorts & Casinos,9012245504,United States,MGM Resorts International,18.092896,14.395653,,3.0303864,0.52361304,39091339264.0,16.297,,,0.0,0.81,0.03135,0.086,0.44951,0.21792,0.022119999,0.018,-0.701,-0.738,1.672,42.54,25.3,-0.18503743,1.218,1.085,844.044,31591444480.0,2164406016.0,buy,1.95238,46.38235,58.0,32.0,17.0,60000.0,NYQ,EQUITY
TAP,Consumer Defensive,Beverages - Brewers,9019035648,United States,Molson Coors Beverage Company,8.986194,7.6829686,,0.6718377,0.79933316,15493338112.0,6.534,4.04,1.88,0.35900003,2.65,0.09193,0.18505,0.38755,0.07863,0.039419997,-0.016,0.049,0.004,0.632,64.66,43.8,-0.16951871,0.949,0.546,47.397,6539200000.0,613800000.0,hold,2.59091,53.33333,72.0,42.0,21.0,16800.0,NYQ,EQUITY
LW,Consumer Defensive,Packaged Foods,8956880896,United States,"Lamb Weston Holdings, Inc.",30.901443,12.906627,,5.0038924,1.3872657,12916073472.0,10.418,2.29,1.48,0.70669997,1.53,0.04555,0.11378,0.22618,0.16219,0.070539996,0.003,-0.477,-0.495,0.506,83.981,47.87,-0.16322047,1.489,0.693,223.019,3991600128.0,98600000.0,none,,66.0,80.0,60.0,11.0,10100.0,NYQ,EQUITY
CAG,Consumer Defensive,Packaged Foods,8856680448,United States,"Conagra Brands, Inc.",10.460452,6.8828993,,0.9933472,0.7734754,16565143552.0,8.42,7.45,1.4,0.791,4.2,0.07424,0.11688,0.25496,0.096540004,0.046669997,-0.058,-0.649,-0.648,0.037,29.91,17.89,-0.36013627,1.058,0.401,92.867,8279799808.0,698099968.0,hold,3.0,20.51765,25.0,18.0,17.0,18300.0,NYQ,EQUITY
APA,Energy,Oil & Gas E&P,8758611968,United States,APA Corporation,8.470588,8.901818,,1.4873321,0.8933712,13744732160.0,2.349,4.37,1.0,0.346,2.41,0.11026,0.37546003,0.6631,0.20436001,0.07002,-0.136,0.145,0.115,1.165,25.83,13.58,-0.072152436,0.805,0.568,67.565,4664000000.0,107000000.0,hold,3.0,24.92593,37.0,19.0,27.0,2305.0,NMS,EQUITY
FRT,Real Estate,REIT - Retail,8716855296,United States,Federal Realty Investment Trust,25.425316,32.713356,,2.8043673,7.035061,13518399488.0,17.183,4.48,4.52,1.1139,4.17,0.27938,0.40697,0.67958,0.10606,0.03299,0.052,0.349,0.392,1.163,118.09,80.65,-0.11341292,0.466,0.437,130.637,4573966848.0,180530000.0,buy,2.21053,110.44737,137.0,100.0,19.0,304.0,NYQ,EQUITY
EPAM,Technology,Information Technology Services,8620767232,United States,"EPAM Systems, Inc.",22.079885,13.831993,,2.3503509,1.700009,7836824576.0,10.968,,,0.0,,0.07911,0.09633,0.30075002,0.11354,0.08486,0.18,-0.082,-0.108,1.655,269.0,138.15,-0.18069953,3.172,2.964,4.435,162691008.0,1041344000.0,buy,1.72222,202.05882,246.0,150.0,17.0,62050.0,NYQ,EQUITY
MOH,Healthcare,Healthcare Plans,8411840000,United States,"Molina Healthcare, Inc.",7.6566353,6.036562,,1.9330891,0.20170829,5330045952.0,2.979,,,0.0,,0.0271,0.03392,0.11387999,0.23924999,0.06598,0.148,-0.081,-0.153,0.553,359.97,151.95,-0.39698386,1.665,1.609,77.406,3563000064.0,8808999936.0,hold,2.70588,196.8,231.0,153.0,15.0,18000.0,NYQ,EQUITY
MHK,Consumer Cyclical,"Furnishings, Fixtures & Appliances",8061615616,United States,"Mohawk Industries, Inc.",17.231075,11.636772,,0.9732662,0.7545433,10059423744.0,7.423,,,0.0,,0.04439,0.07783,0.25296,0.05947,0.03402,0.0,-0.049,-0.069,1.291,152.89,96.24,-0.15519851,2.126,0.982,31.685,2629100032.0,546700032.0,buy,2.05556,139.05882,154.0,122.0,17.0,41900.0,NYQ,EQUITY
MTCH,Communication Services,Internet Content & Information,7880375296,United States,"Match Group, Inc.",16.212872,13.205645,,-34.293194,2.2837856,11155807232.0,11.392,2.29,0.76,0.28219998,1.52,0.15586,0.24107,0.72003,,0.12905,-0.0,0.007,-0.059,1.382,39.2,26.39,-0.11333871,0.697,0.618,,3514681088.0,340415008.0,buy,2.36364,38.47368,49.0,31.0,19.0,2500.0,NMS,EQUITY
LKQ,Consumer Cyclical,Auto Parts,7775399936,United States,LKQ Corporation,11.029197,8.348066,,1.1929575,0.5535668,13465848832.0,8.088,3.95,1.2,0.438,,0.05041,0.08786,0.39214,0.11208,0.05031,-0.019,0.067,0.038,0.837,44.82,28.42,-0.19431907,1.814,0.575,90.494,5920999936.0,289000000.0,buy,1.83333,42.1,46.0,40.0,5.0,47000.0,NMS,EQUITY
HSIC,Healthcare,Medical Distribution,7728435200,United States,"Henry Schein, Inc.",20.491962,12.25577,,2.2549715,0.6050603,12368755712.0,12.394,,,0.0,,0.030450001,0.05401,0.31332,0.081190005,0.04301,0.033,-0.125,-0.173,0.812,82.49,60.56,-0.103978574,1.411,0.595,68.545,3358000128.0,145000000.0,hold,2.66667,73.15385,83.0,55.0,13.0,25000.0,NMS,EQUITY
EMN,Basic Materials,Specialty Chemicals,7228700672,United States,Eastman Chemical Company,8.853727,7.2356324,,1.2382958,0.77845156,12023634944.0,6.517,5.42,3.32,0.4641,3.31,0.0896,0.124180004,0.24112,0.1439,0.055359997,-0.032,-0.381,-0.391,1.298,108.03,56.78,-0.42653674,1.685,0.739,90.603,5351000064.0,423000000.0,buy,1.76471,74.58824,100.0,60.0,17.0,14000.0,NYQ,EQUITY
KMX,Consumer Cyclical,Auto & Truck Dealerships,6367201280,United States,"CarMax, Inc.",12.715543,11.501327,,1.0326761,0.22517598,25235935232.0,22.386,,,0.0,,0.01843,0.021440001,0.12448,0.084180005,0.01864,-0.053,-0.248,-0.282,1.266,91.25,42.34,-0.3957013,2.461,0.317,311.84,19335686144.0,540374016.0,hold,2.52632,55.5,111.0,35.0,14.0,30048.0,NYQ,EQUITY
NWS,Communication Services,Entertainment,15505908736,United States,News Corporation,35.779762,26.767664,,1.9366583,1.8345846,18012229632.0,15.884,0.67,0.2,0.23809999,0.89,0.13961,0.09104,0.56188,0.07043,0.037130002,0.008,13.856,13.86,1.181,35.58,26.25,0.07797837,1.845,1.534,31.313,2940000000.0,2409999872.0,buy,1.66667,26.5,26.5,26.5,1.0,22300.0,NMS,EQUITY
