pca_variance,umap_dim,umap_neighbors,umap_min_dist,n_cubes,perc_overlap,min_samples,num_nodes,num_links,num_clusters,num_clusters_used,num_tickers_portfolio,train_sharpe,train_return,train_vol,train_max_dd,val_sharpe,val_return,val_vol,val_max_dd,sharpe_diff,overfitting_score,success
0.5,1,10,0.1,4,0.3,4,6,4,6,3,126,0.34819319056594733,0.06210332181137278,0.17835880624325562,-0.15615319478899722,-0.18710928969662804,-0.03860407638381299,0.20631833110159406,-0.33945931123573125,0.5353024802625754,1.5373720531194301,True
0.5,1,10,0.1,4,0.4,4,6,4,6,3,126,0.3595216645616032,0.06316861419613036,0.17570182946598636,-0.15710327325511553,-0.085704041103069,-0.01682355413175598,0.19629825986295923,-0.30094970431665197,0.44522570566467223,1.2383835233061005,True
0.5,1,10,0.1,4,0.5,4,6,4,6,3,146,0.34326467410505584,0.05922225797402515,0.17252651508177108,-0.15454196932462963,-0.14253061512177084,-0.027674082893046258,0.1941623760579644,-0.30881213251024253,0.4857952892268267,1.4152207491008804,True
0.5,1,10,0.1,6,0.3,4,11,6,11,3,20,0.5977481983427774,0.12152381889807579,0.2033026937345752,-0.19857214600384251,-0.5923303155258087,-0.1222678982490941,0.20641843755803294,-0.3657701070918063,1.190078513868586,1.9909361787588997,True
0.5,1,10,0.1,6,0.4,4,9,6,9,3,20,0.5977481983427774,0.12152381889807579,0.2033026937345752,-0.19857214600384251,-0.5923303155258087,-0.1222678982490941,0.20641843755803294,-0.3657701070918063,1.190078513868586,1.9909361787588997,True
0.5,1,10,0.1,6,0.5,4,9,6,9,3,20,0.5977481983427774,0.12152381889807579,0.2033026937345752,-0.19857214600384251,-0.5923303155258087,-0.1222678982490941,0.20641843755803294,-0.3657701070918063,1.190078513868586,1.9909361787588997,True
0.5,1,10,0.1,8,0.3,4,12,6,12,3,31,0.7485969640450619,0.17676513599281143,0.23612857716875676,-0.2009691735903061,-0.22341720358979603,-0.04165011508736991,0.18642304360697928,-0.24674555222607045,0.9720141676348579,1.2984479156615272,True
0.5,1,10,0.1,8,0.4,4,11,6,11,3,98,0.6287846341703693,0.1276388261305189,0.2029929155296997,-0.16956139581219548,-0.08633432970822216,-0.014739149267570391,0.17072176638636355,-0.22841285537523529,0.7151189638785915,1.1373034979172691,True
0.5,1,10,0.1,8,0.5,4,11,7,11,3,20,0.5977481983427774,0.12152381889807579,0.2033026937345752,-0.19857214600384251,-0.5923303155258087,-0.1222678982490941,0.20641843755803294,-0.3657701070918063,1.190078513868586,1.9909361787588997,True
0.5,1,10,0.1,10,0.3,4,14,7,14,3,20,0.5977481983427774,0.12152381889807579,0.2033026937345752,-0.19857214600384251,-0.5923303155258087,-0.1222678982490941,0.20641843755803294,-0.3657701070918063,1.190078513868586,1.9909361787588997,True
0.5,1,10,0.1,10,0.4,4,15,8,15,3,20,0.5977481983427774,0.12152381889807579,0.2033026937345752,-0.19857214600384251,-0.5923303155258087,-0.1222678982490941,0.20641843755803294,-0.3657701070918063,1.190078513868586,1.9909361787588997,True
0.5,1,10,0.1,10,0.5,4,17,12,17,3,36,0.7357564042922184,0.17280330353975742,0.23486483098436692,-0.2004116566037351,-0.24353705579210214,-0.045047549310744256,0.18497205348987855,-0.2456258065761576,0.9792934600843206,1.3310022914803976,True
0.5,1,10,0.2,4,0.3,4,5,3,5,3,277,0.2483322228227715,0.04760446218367632,0.19169667811353838,-0.1932679520056069,0.525133244514797,0.0849527453732754,0.16177369507765307,-0.16933582900324085,-0.27680102169202553,1.1146399711871926,True
0.5,1,10,0.2,4,0.4,4,5,3,5,3,298,0.24934732471189847,0.04743520185465961,0.19023746057619553,-0.19182552133944558,0.5492405308159712,0.08785042587248357,0.15994891298712033,-0.16728352361208984,-0.2998932061040728,1.202712747973439,True
0.5,1,10,0.2,4,0.5,4,5,3,5,3,323,0.260378200130815,0.04901802283749914,0.18825701542169163,-0.18809599314543024,0.5492287468849629,0.08767236929278052,0.15962815091167046,-0.16655746463684484,-0.28885054675414795,1.109349963280445,True
0.5,1,10,0.2,6,0.3,4,7,5,7,3,244,0.30235163629779593,0.057745070146527876,0.1909864648116304,-0.18857006982778846,0.6097548778979919,0.09739253940288978,0.15972408410840616,-0.16292104043081237,-0.30740324160019594,1.0167077161025333,True
0.5,1,10,0.2,6,0.4,4,7,5,7,3,211,0.3250311848134385,0.05270350193926268,0.1621490626184483,-0.16046636291681876,0.31422664889334617,0.044340914439203745,0.14111124755129792,-0.17578112414040328,0.01080453592009234,0.03324153627380071,True
0.5,1,10,0.2,6,0.5,4,10,7,10,3,23,0.6651506954401587,0.1280785158750466,0.19255563702040715,-0.16756966545417673,-0.42356272321416805,-0.08507305294156652,0.2008511332064286,-0.34713517671244587,1.0887134186543268,1.6367921226239994,True
0.5,1,10,0.2,8,0.3,4,10,6,10,3,127,0.45093120247223284,0.08391731675124722,0.18609782665552985,-0.16334830035887798,0.383087052355008,0.06395649450881319,0.16695029005977602,-0.17922274940976318,0.06784415011722483,0.1504534388954876,True
0.5,1,10,0.2,8,0.4,4,10,8,10,3,79,0.40332201058983097,0.07153989338983248,0.1773766159828725,-0.15793696097199625,-0.11219166807245626,-0.022238697096798234,0.198220576259156,-0.30582402794771724,0.5155136786622873,1.278168969524831,True
0.5,1,10,0.2,8,0.5,4,10,8,10,3,93,0.3831525557262549,0.06884522149620684,0.1796809664122236,-0.15804986062458193,-0.07462021617819564,-0.014789420854045379,0.19819589933547946,-0.2997876267256081,0.45777277190445054,1.1947532779384835,True
0.5,1,10,0.2,10,0.3,4,12,9,12,3,61,0.45861629763212963,0.08205545667259456,0.17891962648569848,-0.15506614863874724,-0.16250100864555617,-0.032320804391653184,0.19889602323731204,-0.3197575568408557,0.6211173062776858,1.3543289008361916,True
0.5,1,10,0.2,10,0.4,4,13,10,13,3,66,0.4525861987455955,0.08084896053731833,0.17863770649967292,-0.15501417175291748,-0.13633798158799249,-0.02707806504735573,0.1986098424809051,-0.3152355775537801,0.5889241803335881,1.3012420218863763,True
0.5,1,10,0.2,10,0.5,4,14,11,14,3,23,0.6651506954401587,0.1280785158750466,0.19255563702040715,-0.16756966545417673,-0.42356272321416805,-0.08507305294156652,0.2008511332064286,-0.34713517671244587,1.0887134186543268,1.6367921226239994,True
0.5,1,15,0.1,4,0.3,4,5,2,5,3,291,0.33916805284328,0.060824336175969586,0.1793339191768595,-0.17186733029494297,0.2635645456230159,0.03886670899131343,0.14746561947260395,-0.17800639953486858,0.0756035072202641,0.22290869256839574,True
0.5,1,15,0.1,4,0.4,4,5,2,5,3,318,0.3563957726584678,0.06335414829594334,0.17776346734801282,-0.17058693028258237,0.235764381042202,0.0345231178688753,0.1464305919166629,-0.17894528328020773,0.12063139161626579,0.3384759328553154,True
0.5,1,15,0.1,4,0.5,4,5,2,5,3,343,0.27664277071255455,0.05239328169298496,0.18938966508336544,-0.18553812587712096,0.38212921252897286,0.061029941025843346,0.1597102211106566,-0.1745535037337026,-0.10548644181641831,0.3813092297503914,True
0.5,1,15,0.1,6,0.3,4,7,3,7,3,169,0.5461263880258661,0.0998351395717129,0.18280592507642102,-0.15062219852608122,0.119663141516659,0.01907343535808163,0.1593927346076428,-0.19132531997430324,0.4264632465092071,0.7808874572986365,True
0.5,1,15,0.1,6,0.4,4,7,4,7,3,67,0.438067472688927,0.07742795603155417,0.17674892763959216,-0.1565094908837826,-0.36169185598585746,-0.07047552200373948,0.19484962361578623,-0.3246458018422377,0.7997593286747844,1.8256533035099272,True
0.5,1,15,0.1,6,0.5,4,7,4,7,3,67,0.438067472688927,0.07742795603155417,0.17674892763959216,-0.1565094908837826,-0.36169185598585746,-0.07047552200373948,0.19484962361578623,-0.3246458018422377,0.7997593286747844,1.8256533035099272,True
0.5,1,15,0.1,8,0.3,4,9,5,9,3,38,0.6021293632661152,0.11140365164401538,0.18501614178011738,-0.16079718727590053,-0.3421830360381199,-0.06779129327674427,0.19811412646766094,-0.32086579302284857,0.944312399304235,1.5682882398925457,True
0.5,1,15,0.1,8,0.4,4,9,6,9,3,66,0.44185543582307063,0.07812358966550141,0.17680803116063495,-0.15633088756156638,-0.36610817259904055,-0.0713347005369277,0.1948459659627785,-0.3254008083244638,0.8079636084221111,1.8285700319994227,True
0.5,1,15,0.1,8,0.5,4,8,5,8,3,148,0.36749287164140687,0.06535039709266295,0.17782765908023035,-0.15864420951571415,-0.2200209986503976,-0.04330770329850721,0.19683440927982057,-0.3207416054122455,0.5875138702918045,1.5987082080467951,True
0.5,1,15,0.1,10,0.3,4,9,5,9,3,168,0.51856638942007,0.09578882774696829,0.18471854270017787,-0.14904737541500063,0.14346660593075986,0.02322369364000299,0.16187525654026594,-0.18911165217976142,0.37509978348931017,0.7233399447827629,True
0.5,1,15,0.1,10,0.4,4,11,6,11,3,38,0.6021293632661152,0.11140365164401538,0.18501614178011738,-0.16079718727590053,-0.3421830360381199,-0.06779129327674427,0.19811412646766094,-0.32086579302284857,0.944312399304235,1.5682882398925457,True
0.5,1,15,0.1,10,0.5,4,10,7,10,3,26,0.6470513736316749,0.12241378414754144,0.18918711733888352,-0.1629183494181211,-0.3773149946054473,-0.07564931284643471,0.20049378881838523,-0.33871570233647696,1.0243663682371222,1.583129887334462,True
0.5,1,15,0.2,4,0.3,4,6,3,6,3,101,0.3864705511585557,0.06899899227894848,0.17853622241618236,-0.1587207005419042,-0.17551856827279289,-0.03459711185854761,0.19711368545791916,-0.3173079445363695,0.5619891194313487,1.4541576783706442,True
0.5,1,15,0.2,4,0.4,4,6,4,6,3,131,0.34417669474299284,0.06080280403020933,0.1766615955087041,-0.15983598916328498,-0.20367845255144848,-0.04004739498165567,0.19662067577590142,-0.31666054411986366,0.5478551472944413,1.5917845561958845,True
0.5,1,15,0.2,4,0.5,4,6,4,6,3,183,0.3331378173393188,0.05845337917970181,0.17546305503996232,-0.15860936807441997,-0.2183890034102268,-0.04284669578575444,0.19619438303525863,-0.31703203790570955,0.5515268207495456,1.6555515226534185,True
0.5,1,15,0.2,6,0.3,4,8,4,8,3,127,0.40950883160845397,0.07086354251106612,0.17304521182786428,-0.1541753421578925,-0.2526600749013524,-0.049362342758527536,0.1953705696390709,-0.3133891863993916,0.6621689065098064,1.616983213546246,True
0.5,1,15,0.2,6,0.4,4,8,4,8,3,148,0.3863930621894602,0.06686266902545589,0.1730431406987093,-0.1544702028419919,-0.2605497752503714,-0.05091700540467048,0.19542141364636587,-0.31628343538406645,0.6469428374398316,1.6743127678690464,True
0.5,1,15,0.2,6,0.5,4,8,5,8,3,82,0.3717528693017272,0.0672864741683117,0.18099786101099255,-0.1576059147856617,-0.20351357639263087,-0.04038494215797144,0.1984385654943154,-0.32169630739855964,0.575266445694358,1.5474431892748952,True
0.5,1,15,0.2,8,0.3,4,10,6,10,3,44,0.6320392902902985,0.11264303196474046,0.17822156580329526,-0.16272859642061974,-0.04860516822495775,-0.008205535024655167,0.16882021653906742,-0.2319387929352036,0.6806444585152562,1.0769021308827702,True
0.5,1,15,0.2,8,0.4,4,10,6,10,3,49,0.5492820740687279,0.09876448528617174,0.17980649642284527,-0.15164353203181824,-0.2676829775520988,-0.05264372995029775,0.19666446642111102,-0.3158958181357633,0.8169650516208267,1.4873324475515388,True
0.5,1,15,0.2,8,0.5,4,10,7,10,3,84,0.4406725131554915,0.07724335033259508,0.17528515627054717,-0.15726180820062302,-0.26755903565592204,-0.052009837819103004,0.19438640033815593,-0.3182104187124918,0.7082315488114135,1.6071607092986842,True
0.5,1,15,0.2,10,0.3,4,10,6,10,3,134,0.4206051787000435,0.07638158827686536,0.1815992577954853,-0.17429425069714063,0.524412557113772,0.08296444415266548,0.15820453386791467,-0.15760033669935786,-0.1038073784137285,0.24680480334208915,True
0.5,1,15,0.2,10,0.4,4,12,8,12,3,25,0.6496434780078933,0.12295923924800914,0.18927187512919993,-0.1632217962899573,-0.3865293319558461,-0.07742195603921015,0.20030033852140927,-0.3401964035828379,1.0361728099637395,1.5949868582397277,True
0.5,1,15,0.2,10,0.5,4,11,8,11,3,104,0.40580678145474164,0.070282553500252,0.17319216117656328,-0.15296999044258738,-0.2651144017303151,-0.05187940513229634,0.19568686119537984,-0.31422662540029556,0.6709211831850568,1.65330204877289,True
0.5,1,20,0.1,4,0.3,4,7,3,7,3,48,0.5546856612808178,0.09975069547762966,0.17983283585751356,-0.1511910414810882,-0.2640705311915156,-0.051928240209189624,0.1966453431016465,-0.3155231177485763,0.8187561924723333,1.4760723949159846,True
0.5,1,20,0.1,4,0.4,4,7,3,7,3,48,0.5546856612808178,0.09975069547762966,0.17983283585751356,-0.1511910414810882,-0.2640705311915156,-0.051928240209189624,0.1966453431016465,-0.3155231177485763,0.8187561924723333,1.4760723949159846,True
0.5,1,20,0.1,4,0.5,4,6,3,6,3,151,0.4098515236432791,0.06974472079244258,0.17017070028790726,-0.15521158716200845,-0.28919628905201566,-0.055898933533298376,0.1932906321742055,-0.31948367738754685,0.6990478126952948,1.7056123312200309,True
0.5,1,20,0.1,6,0.3,4,7,3,7,3,211,0.5049998568116064,0.08452520703072658,0.1673766950438152,-0.1492953237744837,0.2031866806391288,0.029680730731232993,0.14607616324983266,-0.18072756738744328,0.3018131761724776,0.5976500232653947,True
0.5,1,20,0.1,6,0.4,4,8,4,8,3,48,0.5546856612808178,0.09975069547762966,0.17983283585751356,-0.1511910414810882,-0.2640705311915156,-0.051928240209189624,0.1966453431016465,-0.3155231177485763,0.8187561924723333,1.4760723949159846,True
0.5,1,20,0.1,6,0.5,4,8,4,8,3,48,0.5546856612808178,0.09975069547762966,0.17983283585751356,-0.1511910414810882,-0.2640705311915156,-0.051928240209189624,0.1966453431016465,-0.3155231177485763,0.8187561924723333,1.4760723949159846,True
0.5,1,20,0.1,8,0.3,4,8,4,8,3,177,0.504367538693218,0.08268249532955742,0.16393302301687007,-0.15186010972356906,0.0569914902396803,0.008146045813332245,0.14293442370209444,-0.18869788877858953,0.44737604845353773,0.8870040479065299,True
0.5,1,20,0.1,8,0.4,4,8,4,8,3,187,0.5151360686008687,0.08465574440605016,0.16433666669076138,-0.15027385352621717,0.11388675335349553,0.016278195193992408,0.142933174532302,-0.1833227850748558,0.4012493152473732,0.7789190850820896,True
0.5,1,20,0.1,8,0.5,4,10,6,10,3,48,0.7498424632858425,0.15616942158531052,0.2082696422672161,-0.17230025702555793,0.040986939792236395,0.006845508040766124,0.16701681256190726,-0.198416859897017,0.708855523493606,0.9453392655136789,True
0.5,1,20,0.1,10,0.3,4,10,6,10,3,48,0.6630933944384682,0.1533564388273246,0.23127426711465354,-0.19678015614885994,-0.25910621980047,-0.047710555235007224,0.18413512138669502,-0.2491182105712428,0.9221996142389381,1.3907537338988132,True
0.5,1,20,0.1,10,0.4,4,11,7,11,3,48,0.7543400800895839,0.15870092799387311,0.21038379397131612,-0.17468997443416984,0.015470508451898828,0.0026132356509294347,0.16891724399715446,-0.19806380540393362,0.7388695716376851,0.9794913343991194,True
0.5,1,20,0.1,10,0.5,4,11,7,11,3,48,0.7443730603465748,0.1549323589494057,0.20813805227888058,-0.17176062560168132,0.03797897398348997,0.006334348256329021,0.16678566037836243,-0.19758509942608365,0.7063940863630849,0.9489785753855638,True
0.5,1,20,0.2,4,0.3,4,5,3,5,3,169,0.5044491717822677,0.08194892920415686,0.16245230201215988,-0.15090250497731522,0.2953054162031925,0.04144498696335144,0.14034617954597267,-0.17219886858152553,0.20914375557907516,0.41459827328123083,True
0.5,1,20,0.2,4,0.4,4,5,3,5,3,194,0.5079029225240117,0.0824400840865567,0.16231464799783515,-0.1509899218661574,0.2934031588950696,0.04116515576347927,0.14030236047390768,-0.17296471654294243,0.21449976362894208,0.4223243342703966,True
0.5,1,20,0.2,4,0.5,4,6,4,6,3,78,0.46899403256343086,0.08175075622331003,0.1743108665508518,-0.14967965628155575,-0.24702395030978808,-0.04789182778912373,0.1938752405548672,-0.3139455062611996,0.7160179828732189,1.5267102205109153,True
0.5,1,20,0.2,6,0.3,4,8,4,8,3,48,0.5546856612808178,0.09975069547762966,0.17983283585751356,-0.1511910414810882,-0.2640705311915156,-0.051928240209189624,0.1966453431016465,-0.3155231177485763,0.8187561924723333,1.4760723949159846,True
0.5,1,20,0.2,6,0.4,4,9,6,9,3,51,0.6978565112171067,0.15406683899758522,0.22077151466120556,-0.18882794538480016,-0.27910056812201967,-0.049238315515488365,0.17641782618644447,-0.23673376273128968,0.9769570793391263,1.3999397635987523,True
0.5,1,20,0.2,6,0.5,4,8,6,8,3,72,0.437537440732394,0.07392283513212564,0.168952021587881,-0.14428023668470755,-0.3386775692923527,-0.06516146208162076,0.19239969808975504,-0.3268980285436591,0.7762150100247467,1.7740539157641921,True
0.5,1,20,0.2,8,0.3,4,9,6,9,3,60,0.6822211892309524,0.12001553990697574,0.17591881020621136,-0.13651058923724524,0.015177669011634577,0.002226281343829451,0.14668137393975816,-0.187240688873639,0.6670435202193179,0.9777525687398484,True
0.5,1,20,0.2,8,0.4,4,10,7,10,3,70,0.6816526577270909,0.12201137000404544,0.17899346334375238,-0.13918165991887838,-0.022289756743217308,-0.0033237303007919903,0.14911469600507818,-0.19874644565858968,0.7039424144703083,1.0326995816572335,True
0.5,1,20,0.2,8,0.5,4,10,7,10,3,75,0.6481281278325426,0.10985412531328007,0.16949445733924878,-0.1406364782532611,0.10778108650937424,0.01535221195934964,0.14243883093546644,-0.1809014013112496,0.5403470413231684,0.8337040441836499,True
0.5,1,20,0.2,10,0.3,4,11,8,11,3,48,0.693786554003467,0.15807528059524137,0.22784425509989262,-0.1972764771177472,-0.2612572020613914,-0.047342609032322104,0.18121073279042973,-0.24176218650516645,0.9550437560648584,1.3765671164334583,True
0.5,1,20,0.2,10,0.4,4,13,10,13,3,38,0.6837228943192786,0.1876703550146383,0.2744830640803462,-0.2767416002177955,0.2069394062245279,0.04520998136580726,0.21846965829579473,-0.29589152165631694,0.4767834880947507,0.6973343909588418,True
0.5,1,20,0.2,10,0.5,4,13,10,13,3,48,0.7462892211214701,0.15544896672683647,0.2082958755497485,-0.17223105433866717,0.038206664626432615,0.006379311889840023,0.16696856300370713,-0.19770332649871342,0.7080825564950375,0.9488044801598254,True
0.5,2,10,0.1,4,0.3,4,14,10,14,3,41,0.7322504771253054,0.14498174645858022,0.1979947449508734,-0.15531941497439467,0.18034259296109476,0.028858246990219504,0.16001903109181248,-0.18762696625371017,0.5519078841642107,0.7537146118783151,True
0.5,2,10,0.1,4,0.4,4,17,12,17,3,42,0.7303427626748592,0.14440266184599845,0.1977190289626858,-0.15543423807284074,0.17726790405985343,0.02832331318603786,0.1597768831095034,-0.18756411473420287,0.5530748586150058,0.7572812203812155,True
0.5,2,10,0.1,4,0.5,4,19,15,19,3,47,0.710879484762159,0.1394230650739076,0.19612756882491097,-0.15877352969679354,0.14542551749604998,0.023229505542745405,0.15973472842120956,-0.18698181681255208,0.565453967266109,0.7954287321363543,True
0.5,2,10,0.1,6,0.3,4,24,17,24,3,34,0.7810497472824293,0.2202974380980348,0.2820530175760684,-0.25689049681233955,0.24733294916677145,0.052386327283536725,0.21180488673271639,-0.23756476127164822,0.5337167981156579,0.6833326557913407,True
0.5,2,10,0.1,6,0.4,4,27,22,27,3,38,0.7751391819504138,0.21258814769299117,0.27425803345158545,-0.25354306747080235,0.3216166297799741,0.06561925629072199,0.204029425765744,-0.20437728595533017,0.4535225521704397,0.5850853146518554,True
0.5,2,10,0.1,6,0.5,4,28,24,28,3,40,0.7767879240354544,0.212233959257837,0.27321995192107307,-0.2541617204993716,0.3471104401293607,0.07074596735009753,0.2038140003041453,-0.20799359024892353,0.42967748390609367,0.5531464517031836,True
0.5,2,10,0.1,8,0.3,4,31,22,31,3,34,0.7692701734477717,0.17257496614620793,0.2243359642721474,-0.18649421940271935,-0.04667502477627401,-0.008259384769039379,0.17695512340119451,-0.21931093820046382,0.8159451982240458,1.0606744241325288,True
0.5,2,10,0.1,8,0.4,4,33,26,33,3,32,0.7795435810813166,0.17515788178641056,0.22469286648919157,-0.18589675597049887,-0.030159208127971366,-0.005357392007410127,0.177637024973523,-0.21555374470676858,0.809702789209288,1.0386882899941745,True
0.5,2,10,0.1,8,0.5,4,38,33,38,3,42,0.7538965819554478,0.17733704053802482,0.23522727756378753,-0.2179948180563535,0.6964682075254325,0.12184232317786187,0.1749431228322258,-0.17709967931243698,0.05742837443001536,0.07617540098279572,True
0.5,2,10,0.1,10,0.3,4,37,28,37,3,24,0.8195145679456727,0.21103399761354302,0.2575109776785968,-0.2292248410831659,0.6181633793715731,0.1169087300061678,0.18912270430030587,-0.17542813470309435,0.20135118857409962,0.24569567942988368,True
0.5,2,10,0.1,10,0.4,4,45,37,45,3,32,0.7797143401648251,0.21559684126331768,0.2765074722336674,-0.2527856923773182,0.3425855499471783,0.07020505871350884,0.20492708675054574,-0.20213555748184528,0.4371287902176468,0.5606268446021416,True
0.5,2,10,0.1,10,0.5,4,53,45,53,3,34,0.7777360016986958,0.2147057895792414,0.2760651289258704,-0.25208836751541963,0.32972680018299483,0.06752539062439449,0.20479193861984715,-0.20290453248650528,0.448009201515701,0.5760427709880725,True
0.5,2,10,0.2,4,0.3,4,17,11,17,3,41,0.6852179905992113,0.1489298496510507,0.21734667170780805,-0.18785856261792622,0.3678556831984126,0.06314553472561568,0.17165844544409684,-0.20701430155307252,0.3173623074007987,0.4631552465855002,True
0.5,2,10,0.2,4,0.4,4,17,13,17,3,47,0.8349607136129893,0.16917041814186917,0.20260883582156294,-0.1882065638188019,0.7268141457692019,0.11273871257983911,0.15511353657065313,-0.14262332293130536,0.1081465678437874,0.12952294171521245,True
0.5,2,10,0.2,4,0.5,4,21,18,21,3,51,0.5576609504147174,0.09997532863075684,0.17927618664424663,-0.149119042419661,-0.23474880843220783,-0.04613138682113917,0.19651382739376616,-0.31358722483331514,0.7924097588469252,1.4209525667121419,True
0.5,2,10,0.2,6,0.3,4,24,17,24,3,34,0.6307279025211945,0.11838089725224,0.18768932970784818,-0.16310727130725447,-0.34501102206818485,-0.0685909409604429,0.19880797010272674,-0.32742912234584903,0.9757389245893793,1.547004533474863,True
0.5,2,10,0.2,6,0.4,4,30,24,30,3,25,0.7128212817986578,0.12644441078765645,0.1773858525500249,-0.1549460445745305,0.27184660790199694,0.04236550389188577,0.15584341558956993,-0.18695889701119925,0.44097467389666084,0.618632867952472,True
0.5,2,10,0.2,6,0.5,4,30,25,30,3,38,0.6866198056236107,0.15141395393991225,0.22052080743926855,-0.20311801725654624,0.7804374463446605,0.1279653325694673,0.1639661617581515,-0.1686414539014375,-0.09381764072104981,0.1366369568029596,True
0.5,2,10,0.2,8,0.3,4,33,24,33,3,48,0.7093328491704268,0.14284773015736005,0.20138321568558704,-0.18623271587098866,0.11218812199419764,0.019051248985470223,0.16981520544978507,-0.19466903576608363,0.5971447271762291,0.8418399456258046,True
0.5,2,10,0.2,8,0.4,4,36,29,36,3,53,0.8353456901462722,0.19344909469577906,0.23157968847831772,-0.18767032104049453,0.3261884424185446,0.06441977178481584,0.19749250251532952,-0.2811365758129589,0.5091572477277276,0.6095168188855709,True
0.5,2,10,0.2,8,0.5,4,46,40,46,3,31,0.7439748846823965,0.18868356046516366,0.25361549744479994,-0.2336508462770262,0.54221345898827,0.10164724345345208,0.18746720828936683,-0.18140962268238767,0.20176142569412647,0.2711938666857801,True
0.5,2,10,0.2,10,0.3,4,42,35,42,3,35,0.9275643206046259,0.1677164174063308,0.18081378690483277,-0.13645630338977266,0.4321679486170659,0.06259604275054528,0.14484193691561842,-0.12401997446312733,0.49539637198756,0.5340830398312858,True
0.5,2,10,0.2,10,0.4,4,48,40,48,3,30,0.926068534121813,0.18425720811830007,0.19896714047522457,-0.161858561986974,0.6800015691593183,0.11160276742616163,0.16412133807887447,-0.13181581585448987,0.2460669649624947,0.2657113981265317,True
0.5,2,10,0.2,10,0.5,4,58,51,58,3,43,0.888961253669493,0.15427659236346355,0.17354703787891082,-0.1436206030632439,0.7418142917069029,0.10452927488188599,0.14091030066482782,-0.12647984398810436,0.14714696196259003,0.16552685660391878,True
0.5,2,15,0.1,4,0.3,4,16,11,16,3,102,0.6081915085403178,0.10361244412863059,0.17036154348373642,-0.17138785024261838,0.5228393974723942,0.07975842224462454,0.1525486079094408,-0.1573726969650097,0.08535211106792362,0.14033755793922847,True
0.5,2,15,0.1,4,0.4,4,17,12,17,3,10,0.3135043719325934,0.06319923378046406,0.2015896409701506,-0.1690670758645245,-0.4729231294494439,-0.12685352942596165,0.2682328723774599,-0.4502858529721145,0.7864275013820373,2.508505691751971,True
0.5,2,15,0.1,4,0.5,4,19,16,19,3,10,0.3135043719325934,0.06319923378046406,0.2015896409701506,-0.1690670758645245,-0.4729231294494439,-0.12685352942596165,0.2682328723774599,-0.4502858529721145,0.7864275013820373,2.508505691751971,True
0.5,2,15,0.1,6,0.3,4,25,19,25,3,58,0.7383254631430477,0.12552255347245464,0.1700097853026845,-0.12759756034141623,0.48724122567476946,0.07323704980532102,0.15030963298291655,-0.17163929448950763,0.25108423746827824,0.34007256962182225,True
0.5,2,15,0.1,6,0.4,4,25,20,25,3,46,0.5502407180262073,0.0989002783347003,0.17974002122102092,-0.15291438901293997,-0.2602159098223074,-0.051064115235045754,0.1962374832112137,-0.31529153555874323,0.8104566278485148,1.4729128566779635,True
0.5,2,15,0.1,6,0.5,4,31,26,31,3,50,0.5545637101332203,0.09939650704247546,0.17923370250570111,-0.1502113465606801,-0.23819996399070323,-0.046801529149814045,0.1964800009442515,-0.31372895831527603,0.7927636741239235,1.4295267786878474,True
0.5,2,15,0.1,8,0.3,4,29,23,29,3,53,0.7592740514537851,0.12956564614476984,0.17064411182851563,-0.1257287320068275,0.49776926922566234,0.07493006022448791,0.1505317118934447,-0.17123228834694032,0.2615047822281228,0.3444142226741695,True
0.5,2,15,0.1,8,0.4,4,38,31,38,3,57,0.6740828421698666,0.11577503435110009,0.17175193775652456,-0.13110521501468048,0.5905566340795155,0.08981921109707222,0.1520924597470164,-0.1522141872406809,0.08352620809035105,0.12391089472249574,True
0.5,2,15,0.1,8,0.5,4,41,35,41,3,44,0.5664013539425089,0.10186833736388,0.17985186061935135,-0.15601000547894356,-0.25487136749998585,-0.05002210587551703,0.19626412478647612,-0.3178644557611251,0.8212727214424947,1.449983683347367,True
0.5,2,15,0.1,10,0.3,4,40,31,40,3,16,0.779347240937541,0.1494989200957223,0.19182581555800174,-0.1605127987409225,1.4448429777415759,0.24948683664469418,0.17267401405422292,-0.1789971289566238,-0.6654957368040348,0.8539142783176535,True
0.5,2,15,0.1,10,0.4,4,48,40,48,3,40,0.7158404468894018,0.17199819259859214,0.24027448203854573,-0.25567012273883416,0.5079900838192946,0.09914524420555242,0.19517161331208385,-0.21644437543161177,0.2078503630701073,0.29035850652655343,True
0.5,2,15,0.1,10,0.5,4,51,44,51,3,58,0.673350329813316,0.11386265882548234,0.16909869021234514,-0.1463923780268087,0.46294660235865787,0.06942682741109042,0.14996724688629098,-0.16463757052015848,0.21040372745465813,0.3124728958148603,True
0.5,2,15,0.2,4,0.3,4,15,10,15,3,48,0.7728050957840761,0.17058208965203878,0.22073106218194488,-0.20952770660902884,0.8223210157068139,0.1433336269875048,0.17430373813845007,-0.1683776079174157,-0.04951591992273785,0.06407297285287665,True
0.5,2,15,0.2,4,0.4,4,16,11,16,3,58,0.7360042339344044,0.15530307549949127,0.21100839959751166,-0.19758388512189887,0.9091081923618182,0.14907596596450107,0.1639804450306504,-0.15531345152580003,-0.17310395842741377,0.23519424270437211,True
0.5,2,15,0.2,4,0.5,4,16,12,16,3,44,0.7170130566163935,0.14053744094729595,0.19600401924407965,-0.15452479012180317,0.16876058525609694,0.026809317674927582,0.15886006578043094,-0.1836424085210501,0.5482524713602965,0.7646338742386599,True
0.5,2,15,0.2,6,0.3,4,22,17,22,3,24,0.7934435849124936,0.2317941859011552,0.29213694622878456,-0.26519199935335436,0.2519756984006246,0.05473570326310382,0.21722611986207374,-0.21781269022632174,0.541467886511869,0.6824277072850564,True
0.5,2,15,0.2,6,0.4,4,25,19,25,3,24,0.7777699893103102,0.22874422419579188,0.29410266189189366,-0.26563059209872886,0.21944975643041734,0.047934235970594416,0.2184292056199812,-0.22480334400951194,0.5583202328798929,0.7178474877578974,True
0.5,2,15,0.2,6,0.5,4,29,24,29,3,53,0.7677933930352353,0.19097248511414172,0.24872900294073993,-0.2320392809606584,0.4950120588156299,0.09261739743686913,0.1871012953875635,-0.19834026034494,0.27278133421960543,0.3552796060685652,True
0.5,2,15,0.2,8,0.3,4,33,26,33,3,50,0.8079138268736644,0.19215221034434324,0.23783750686369992,-0.22836806201932028,0.5273118658211045,0.09612076904157134,0.1822844795876094,-0.17615439923334822,0.28060196105255997,0.34731669606199034,True
0.5,2,15,0.2,8,0.4,4,35,30,35,3,38,0.8738471281665119,0.1943971233094441,0.22246124870527886,-0.20613584245888278,0.711593378669646,0.12242360756893043,0.17204152151866078,-0.17026372317683366,0.16225374949686588,0.1856774992638625,True
0.5,2,15,0.2,8,0.5,4,45,40,45,3,31,0.78017885685113,0.21956755410425377,0.28143233077405816,-0.2556479534294119,0.27782599303690625,0.05845090279063752,0.2103867321833812,-0.22244935615169686,0.5023528638142237,0.6438944857359552,True
0.5,2,15,0.2,10,0.3,4,44,37,44,3,42,0.782215013763647,0.18340896211434282,0.23447384528183118,-0.2294582289252407,0.47795321614505565,0.08710644226907448,0.18224888823143362,-0.17104877307357783,0.30426179761859135,0.38897463263282067,True
0.5,2,15,0.2,10,0.4,4,51,44,51,3,32,0.8061260049670765,0.1967053072521398,0.24401310221988629,-0.23153144295268302,0.7626265786672585,0.1404121711232705,0.1841165454378082,-0.18229615279287142,0.04349942629981807,0.05396107560330429,True
0.5,2,15,0.2,10,0.5,4,55,50,55,3,34,0.792928146888829,0.20613258233927212,0.2599637598287611,-0.23259727866637173,0.5470103812649827,0.10443190741242966,0.19091394055616792,-0.18152187198213632,0.24591776562384626,0.31013877687245817,True
0.5,2,20,0.1,4,0.3,4,13,8,13,3,79,0.8898676048319574,0.1810023892601284,0.20340372913598637,-0.19154660341831062,0.6536203682448097,0.10366778723387045,0.15860550293475903,-0.15973788995197571,0.23624723658714764,0.26548582654805214,True
0.5,2,20,0.1,4,0.4,4,13,8,13,3,106,0.7316305803660326,0.14038003072955987,0.19187283103903088,-0.15916352930048927,0.11440122267102985,0.01838304059347521,0.1606891968832987,-0.19297672328038518,0.6172293576950028,0.8436352638324723,True
0.5,2,20,0.1,4,0.5,4,16,12,16,3,34,0.6307279025211945,0.11838089725224,0.18768932970784818,-0.16310727130725447,-0.34501102206818485,-0.0685909409604429,0.19880797010272674,-0.32742912234584903,0.9757389245893793,1.547004533474863,True
0.5,2,20,0.1,6,0.3,4,19,13,19,3,41,0.7245120593487934,0.13614795709888247,0.18791675768827798,-0.15469565751415687,0.39600182623117514,0.06750354998176529,0.17046272393289053,-0.1921375349357682,0.32851023311761823,0.45342272620401947,True
0.5,2,20,0.1,6,0.4,4,22,16,22,3,31,0.8732828338988472,0.1979804911535271,0.22670832801055524,-0.21606354937991093,0.5363510131257433,0.09246902175265602,0.1724039285649254,-0.16090019719571225,0.3369318207731039,0.3858221044708305,True
0.5,2,20,0.1,6,0.5,4,29,22,29,3,31,0.7677223732427247,0.20758927048606643,0.27039627568654245,-0.24017394120541954,0.3354036394476828,0.06653053645052213,0.1983596139865374,-0.20056513435085097,0.43231873379504193,0.5631185814853922,True
0.5,2,20,0.1,8,0.3,4,33,26,33,3,24,0.7874806765342327,0.23349059178430054,0.2965032650857058,-0.2683768611219406,0.2048898846097553,0.045300536912035595,0.22109699069974842,-0.2328756487502145,0.5825907919244774,0.7398159844232717,True
0.5,2,20,0.1,8,0.4,4,34,27,34,3,31,0.7794184113027626,0.21587177911102656,0.2769652037731655,-0.25158805537543927,0.33355152825278434,0.06844963921572227,0.2052145873061245,-0.20338897292811361,0.44586688304997824,0.5720507452534153,True
0.5,2,20,0.1,8,0.5,4,41,33,41,3,32,0.7737460001787372,0.2141642747567831,0.27678886185816876,-0.25151864707579497,0.3284279073947855,0.06726006881107552,0.20479401200893022,-0.2029516426747164,0.4453180927839517,0.5755352437118668,True
0.5,2,20,0.1,10,0.3,4,39,30,39,3,28,0.9419426225652012,0.24199743067627588,0.2569131334318878,-0.22529895814410736,0.6791767621232683,0.14278747156761076,0.2102360968906285,-0.245606870445183,0.26276586044193295,0.278961641767882,True
0.5,2,20,0.1,10,0.4,4,46,37,46,3,24,0.7519015131194599,0.2071792916970688,0.27554046385347913,-0.25114750850367346,0.4814415939342962,0.09694205051257425,0.20135786299719718,-0.18980194917370916,0.27045991918516366,0.35970125670194497,True
0.5,2,20,0.1,10,0.5,4,54,45,54,3,19,0.9497350780209307,0.18319591976101252,0.19289160103758446,-0.1585166363811572,0.8168630764896937,0.13189341584176936,0.16146330962657174,-0.12746320222527568,0.13287200153123702,0.13990427921027965,True
0.5,2,20,0.2,4,0.3,4,14,10,14,3,24,0.7801466809500103,0.2311322580526968,0.2962676938793605,-0.26691294578193814,0.20571325466028537,0.04528041801229755,0.22011424634291835,-0.228891421652408,0.5744334262897249,0.7363146448180982,True
0.5,2,20,0.2,4,0.4,4,15,11,15,3,30,0.7667371144732362,0.21576148151300928,0.281402161758195,-0.2551492872860741,0.32370359902588736,0.06766323863126031,0.20902837915573844,-0.20685269762224542,0.44303351544734887,0.5778167080795636,True
0.5,2,20,0.2,4,0.5,4,16,12,16,3,68,0.7336395484020484,0.15127300453227033,0.20619526968217622,-0.18064960437649696,0.6217023463346582,0.09472075618168457,0.15235708332150485,-0.1498055158186733,0.11193720206739022,0.15257792782736748,True
0.5,2,20,0.2,6,0.3,4,19,15,19,3,28,0.9089193548745129,0.2169914772817511,0.23873567673306875,-0.2188430135755613,0.3627440363503424,0.06555605625148346,0.1807226299598449,-0.16843262438785073,0.5461753185241705,0.6009062471769857,True
0.5,2,20,0.2,6,0.4,4,22,17,22,3,24,0.7825158823571785,0.23016218624374435,0.29413100926517305,-0.2657768186193529,0.22337993893278957,0.0488563394731503,0.21871408733731532,-0.22440771565388165,0.559135943424389,0.7145362235206008,True
0.5,2,20,0.2,6,0.5,4,27,22,27,3,30,0.7667371144732362,0.21576148151300928,0.281402161758195,-0.2551492872860741,0.32370359902588736,0.06766323863126031,0.20902837915573844,-0.20685269762224542,0.44303351544734887,0.5778167080795636,True
0.5,2,20,0.2,8,0.3,4,23,15,23,3,34,0.7752059794503946,0.18098842127972617,0.2334713948001837,-0.1885050409261796,-0.16998371048221947,-0.030918651500140334,0.18189184959210822,-0.2373760293732755,0.9451896899326141,1.2192755409378222,True
0.5,2,20,0.2,8,0.4,4,27,22,27,3,24,0.8416772871608308,0.24904310839896895,0.29588906840892437,-0.2740642779045018,0.4025297653418657,0.08911669427191438,0.22139156391634343,-0.20473840088423748,0.4391475218189651,0.5217528481733299,True
0.5,2,20,0.2,8,0.5,4,35,30,35,3,24,0.7777699893103102,0.22874422419579188,0.29410266189189366,-0.26563059209872886,0.21944975643041734,0.047934235970594416,0.2184292056199812,-0.22480334400951194,0.5583202328798929,0.7178474877578974,True
0.5,2,20,0.2,10,0.3,4,34,26,34,3,11,0.7118025235467449,0.12252812134954048,0.1721378012809109,-0.13508184170857168,0.6923573166457638,0.09665303924361923,0.13959993910640014,-0.1725591161981545,0.01944520690098106,0.027318260694118024,True
0.5,2,20,0.2,10,0.4,4,39,30,39,3,38,0.8583477075390852,0.20542847258901337,0.2393301348447524,-0.2196578023807116,0.5354363589993071,0.0988269930595184,0.18457280944502744,-0.1857815011265347,0.3229113485397781,0.37620109624988335,True
0.5,2,20,0.2,10,0.5,4,45,39,45,3,27,0.7912878847025511,0.18070374107742718,0.2283666217704756,-0.1888646170188368,-0.034514131552564116,-0.006241154950497149,0.18082897264826248,-0.22413739844512315,0.8258020162551152,1.04361766712192,True
0.7,1,10,0.1,4,0.3,4,5,3,5,3,337,0.2030248166137912,0.03865926209282029,0.1904164364613652,-0.19193664899189494,0.5351818811452057,0.08474206627318254,0.1583425546691673,-0.17019448801826073,-0.33215706453141447,1.6360416921999648,True
0.7,1,10,0.1,4,0.4,4,6,4,6,3,138,0.2672145244170832,0.04857240038815862,0.18177305479227668,-0.16905268491385164,-0.19222231100135048,-0.03971111606367634,0.20658952572574857,-0.3258055725755661,0.4594368354184337,1.7193557738699836,True
0.7,1,10,0.1,4,0.5,4,6,4,6,3,154,0.30493215517820205,0.054284635197742355,0.17802201006324986,-0.17026084240687672,-0.1284363406849902,-0.02553331703971003,0.19880134316761952,-0.3064057617264036,0.43336849586319226,1.4211964481408401,True
0.7,1,10,0.1,6,0.3,4,8,6,8,3,77,0.347236402638329,0.061380595202442455,0.17676889501235457,-0.15408783622334074,-0.1361791700334906,-0.02694147021652635,0.19783840810529707,-0.30607324921215295,0.48341557267181956,1.3921799932230339,True
0.7,1,10,0.1,6,0.4,4,8,6,8,3,85,0.2610158442091066,0.04727670981523596,0.1811258238306842,-0.16475741480797196,-0.10009733602028892,-0.020127522249266696,0.20107949971003233,-0.3112615166662632,0.36111318022939554,1.3834914172493618,True
0.7,1,10,0.1,6,0.5,4,8,6,8,3,104,0.2911977534880054,0.052374277488499106,0.17985810969059016,-0.16461719227744054,-0.0938264621396248,-0.01876804652544857,0.20002935309997635,-0.309059363095787,0.38502421562763023,1.322208743081837,True
0.7,1,10,0.1,8,0.3,4,10,7,10,3,106,0.4473007902265987,0.08057354344820974,0.18013279924542921,-0.15964181678548653,0.46303315105516474,0.07340906519726963,0.15853954523555017,-0.16567927011588662,-0.01573236082856605,0.035171770701760155,True
0.7,1,10,0.1,8,0.4,4,10,7,10,3,116,0.4546141332992028,0.08187183564394464,0.18009082790670952,-0.16169651135593124,0.4458548278449919,0.0704170243286135,0.15793711300373098,-0.16704577441920127,0.008759305454210886,0.01926756080072411,True
0.7,1,10,0.1,8,0.5,4,11,8,11,3,44,0.5664013539425089,0.10186833736388,0.17985186061935135,-0.15601000547894356,-0.25487136749998585,-0.05002210587551703,0.19626412478647612,-0.3178644557611251,0.8212727214424947,1.449983683347367,True
0.7,1,10,0.1,10,0.3,4,13,9,13,3,44,0.6489547242270621,0.11772263536866887,0.18140346463905085,-0.1426487015625903,0.3999811646372414,0.06071171355770038,0.15178643127548822,-0.1679718527277309,0.2489735595898207,0.3836532045996904,True
0.7,1,10,0.1,10,0.4,4,14,10,14,3,44,0.6489547242270621,0.11772263536866887,0.18140346463905085,-0.1426487015625903,0.3999811646372414,0.06071171355770038,0.15178643127548822,-0.1679718527277309,0.2489735595898207,0.3836532045996904,True
0.7,1,10,0.1,10,0.5,4,13,10,13,3,44,0.5664013539425089,0.10186833736388,0.17985186061935135,-0.15601000547894356,-0.25487136749998585,-0.05002210587551703,0.19626412478647612,-0.3178644557611251,0.8212727214424947,1.449983683347367,True
0.7,1,10,0.2,4,0.3,4,5,3,5,3,357,0.2076904368106993,0.03926071117278287,0.18903475661022986,-0.19163820794153338,0.5378292088959961,0.08686690979776203,0.16151393111592813,-0.17241177642749672,-0.33013877208529674,1.5895713695580684,True
0.7,1,10,0.2,4,0.4,4,6,4,6,3,148,0.2992940507523849,0.05357308025597906,0.17899814620873203,-0.16821766837937932,-0.11953973440118368,-0.023809264685986837,0.19917448206870936,-0.3069704337698347,0.4188337851535686,1.3994056483938686,True
0.7,1,10,0.2,4,0.5,4,6,4,6,3,173,0.2972147881702049,0.05309733419568739,0.178649704890459,-0.16998355726830355,-0.10159563030399338,-0.02017254757059895,0.1985572362732419,-0.3036966902038882,0.3988104184741983,1.3418256235817343,True
0.7,1,10,0.2,6,0.3,4,8,6,8,3,74,0.38226709787174423,0.06809286061314486,0.17812901239015588,-0.16509516685797615,-0.26401721952458823,-0.05192106247783564,0.19665786410192906,-0.3180210663779888,0.6462843173963324,1.690661636835848,True
0.7,1,10,0.2,6,0.4,4,8,6,8,3,251,0.2652669022480371,0.04843883147301,0.18260412837979087,-0.17055032662824104,-0.07974968169590058,-0.015537333631673847,0.1948262776887362,-0.29956915423879377,0.3450165839439377,1.3006393976031387,True
0.7,1,10,0.2,6,0.5,4,9,6,9,3,98,0.34417449391678867,0.06154078494533238,0.17880693088259803,-0.16022611519363364,-0.13439395484097533,-0.02660120607499468,0.19793454330941562,-0.3051945318002485,0.478568448757764,1.3904820293669637,True
0.7,1,10,0.2,8,0.3,4,9,6,9,3,174,0.40023920527292156,0.07154374031399321,0.17875245446084628,-0.17346869697603898,0.18457200070914764,0.02909471616501913,0.1576334224759647,-0.19374400720888324,0.21566720456377392,0.5388457745330353,True
0.7,1,10,0.2,8,0.4,4,10,6,10,3,197,0.40803664629236835,0.07283255274755239,0.17849512637981557,-0.17197609641757597,0.22437430740874645,0.035305675245636124,0.15735168457286502,-0.19030883904203602,0.1836623388836219,0.45011236258427456,True
0.7,1,10,0.2,8,0.5,4,11,7,11,3,183,0.22327625938675605,0.041006388801422024,0.1836576307487816,-0.17127883607709912,-0.24741305373500577,-0.05337071969083156,0.2157150517530688,-0.3556151355251955,0.4706893131217618,2.108102824789985,True
0.7,1,10,0.2,10,0.3,4,14,9,14,3,104,0.5046159559646116,0.09458516358350832,0.187439898531749,-0.15673284642900742,0.33218742693968467,0.054509247467189326,0.16409184408140343,-0.18299762710840947,0.17242852902492695,0.3417024907492605,True
0.7,1,10,0.2,10,0.4,4,13,9,13,3,60,0.4933137011261783,0.08819234675881395,0.17877538482608732,-0.15406445432732663,-0.35465266396150696,-0.06957340139619131,0.19617335062156085,-0.329062990480151,0.8479663650876852,1.718919144454889,True
0.7,1,10,0.2,10,0.5,4,12,9,12,3,61,0.49098497942808045,0.08774845804618843,0.17871923118381636,-0.15398454695329217,-0.3546105236430806,-0.06957664316484662,0.19620580475179658,-0.32922491056892655,0.845595503071161,1.7222431204639814,True
0.7,1,15,0.1,4,0.3,4,6,4,6,3,162,0.33752928864015697,0.05922200317473306,0.17545737560532168,-0.15439063964247576,-0.24621388060679428,-0.048702246414927174,0.19780463349548147,-0.32270852066240685,0.5837431692469512,1.7294593058834817,True
0.7,1,15,0.1,4,0.4,4,6,4,6,3,92,0.3867812240653116,0.06722932218671958,0.17381743994731058,-0.15525573673334703,-0.32315287580447655,-0.06245352539696495,0.19326309642607797,-0.32399976462731195,0.7099340998697882,1.835492665357275,True
0.7,1,15,0.1,4,0.5,4,6,4,6,3,108,0.36357310666549963,0.06290718878733546,0.17302486799501468,-0.15377061955677254,-0.26957395402649886,-0.052184768908891656,0.19358238483144385,-0.3201685504332559,0.6331470606919984,1.741457355025207,True
0.7,1,15,0.1,6,0.3,4,7,5,7,3,143,0.40415706747806834,0.07031113839777468,0.17396983513492592,-0.17012301142951047,0.33641749663345216,0.05069895373470471,0.1507024879563395,-0.17327953499524254,0.06773957084461618,0.16760704264633966,True
0.7,1,15,0.1,6,0.4,4,8,6,8,3,78,0.34093260170771117,0.06116746126879075,0.17941217989246722,-0.17358210705084326,-0.10165079084460196,-0.020261241280033745,0.1993220230918616,-0.30002773725411336,0.44258339255231316,1.2981550908755548,True
0.7,1,15,0.1,6,0.5,4,8,6,8,3,98,0.3271170875388788,0.057203046330135364,0.17487024832763168,-0.16728094215602202,-0.18091530074665646,-0.03546888826895127,0.19605245174160194,-0.30410257374474586,0.5080323882855353,1.5530597686223109,True
0.7,1,15,0.1,8,0.3,4,12,8,12,3,44,0.762163729341279,0.16141770703560704,0.21178875459622928,-0.17325068204539323,0.01743978427472571,0.002967327296352725,0.17014701842688904,-0.2034060315915435,0.7447239450665533,0.9771180605907361,True
0.7,1,15,0.1,8,0.4,4,11,8,11,3,44,0.7946881305643739,0.1398597735245683,0.175993283585653,-0.14308287271757805,0.1354235293132462,0.02176268308606814,0.16070090032677553,-0.2189147174851778,0.6592646012511277,0.8295890877128481,True
0.7,1,15,0.1,8,0.5,4,10,8,10,3,71,0.418978138544124,0.07395460486995385,0.17651184648185514,-0.1522965602054802,-0.3048228310738175,-0.060285172770576094,0.19777118583344275,-0.3327080882054016,0.7238009696179415,1.7275387497138244,True
0.7,1,15,0.1,10,0.3,4,12,8,12,3,37,0.6142797966247628,0.114485702948031,0.18637386998088984,-0.16340711961612836,-0.3466566816658796,-0.06877128704023777,0.19838442666027148,-0.3263025302486126,0.9609364782906424,1.5643302670389423,True
0.7,1,15,0.1,10,0.4,4,14,11,14,3,37,0.6142797966247628,0.114485702948031,0.18637386998088984,-0.16340711961612836,-0.3466566816658796,-0.06877128704023777,0.19838442666027148,-0.3263025302486126,0.9609364782906424,1.5643302670389423,True
0.7,1,15,0.1,10,0.5,4,12,10,12,3,61,0.45757541967792564,0.08151762556633482,0.17815123378723613,-0.1612696324408676,-0.3280966111728264,-0.06396220071108906,0.1949492879016561,-0.32131563319774126,0.7856720308507521,1.7170328585477,True
0.7,1,15,0.2,4,0.3,4,6,4,6,3,60,0.496975271528238,0.08762330204941031,0.17631320323033733,-0.15014793620520805,-0.2900209384440157,-0.05620581928613975,0.19379917735487728,-0.3206715065702982,0.7869962099722537,1.583572171613647,True
0.7,1,15,0.2,4,0.4,4,6,4,6,3,72,0.4350207605525585,0.07620947657199327,0.17518583820044092,-0.15297498644139682,-0.31800636309935715,-0.06171515475155493,0.1940689304140521,-0.3262263039095565,0.7530271236519157,1.7310142226210747,True
0.7,1,15,0.2,4,0.5,4,6,4,6,3,231,0.2664147177289688,0.048914356799261975,0.18360230702053004,-0.1695249023131636,-0.09815183214816124,-0.019084763151764834,0.19444123185552134,-0.30420067788028016,0.36456654987713005,1.3684174545041985,True
0.7,1,15,0.2,6,0.3,4,7,4,7,3,144,0.3727626211890876,0.06585117265582938,0.17665712416596005,-0.16126904136048642,0.06675978062296871,0.010258299680480816,0.15365987702109746,-0.20476599953599273,0.30600284056611887,0.8209053783074882,True
0.7,1,15,0.2,6,0.4,4,8,5,8,3,61,0.3649600147634208,0.06594108202117921,0.1806802919599957,-0.1546629726446435,-0.4706265482809741,-0.09735507157316596,0.20686268534736996,-0.36174421879982044,0.8355865630443949,2.2895290696052,True
0.7,1,15,0.2,6,0.5,4,8,6,8,3,57,0.494202769847499,0.08699370872517588,0.17602837141528038,-0.14880866440568963,-0.2920903882411626,-0.05662927922141759,0.1938758737061282,-0.32245330175214476,0.7862931580886616,1.5910334908306885,True
0.7,1,15,0.2,8,0.3,4,9,6,9,3,61,0.6668856373965166,0.1346304632897799,0.20187938641979083,-0.1612657654551918,-0.07011409312579799,-0.011420606692062355,0.16288603592963286,-0.2122904534460832,0.7369997305223146,1.105136606929367,True
0.7,1,15,0.2,8,0.4,4,10,7,10,3,32,0.6369607347449522,0.11961795988814478,0.18779487237316356,-0.1622633143429857,-0.3423496525930311,-0.06807978117600581,0.1988603775711606,-0.32850347883588726,0.9793103873379833,1.5374737152834272,True
0.7,1,15,0.2,8,0.5,4,10,7,10,3,32,0.6369607347449522,0.11961795988814478,0.18779487237316356,-0.1622633143429857,-0.3423496525930311,-0.06807978117600581,0.1988603775711606,-0.32850347883588726,0.9793103873379833,1.5374737152834272,True
0.7,1,15,0.2,10,0.3,4,14,8,14,3,39,0.671239254355158,0.12285489230878255,0.18302697810307003,-0.1400254976080602,0.40195765429807,0.06140321942193229,0.15276041833102894,-0.1713023303548952,0.26928160005708796,0.4011708169775913,True
0.7,1,15,0.2,10,0.4,4,15,9,15,3,32,0.7886891950331008,0.18795353005721271,0.2383112780558943,-0.20881396131566843,-0.2352258523104681,-0.044942702493984854,0.19106191795052452,-0.2609597079339049,1.0239150473435688,1.2982491123142568,True
0.7,1,15,0.2,10,0.5,4,14,10,14,3,29,0.6392649953549453,0.12005146117510417,0.18779608151146587,-0.16054082698281993,-0.34782746604324294,-0.06930863186564301,0.1992615265668133,-0.33150388826349436,0.9870924613981882,1.5441052905612567,True
0.7,1,20,0.1,4,0.3,4,5,3,5,3,328,0.24910262011177517,0.044893084532496276,0.18021923861078715,-0.17539586857877942,0.5423265433849381,0.08218688159696583,0.15154501028844236,-0.1629698695944268,-0.29322392327316293,1.1771209919092382,True
0.7,1,20,0.1,4,0.4,4,5,3,5,3,353,0.25478335631567517,0.046133771682618556,0.1810705862021029,-0.17861480972492524,0.5184836816357451,0.07864621293693982,0.15168503025750354,-0.16033754138254022,-0.26370032532006993,1.0349982398118136,True
0.7,1,20,0.1,4,0.5,4,5,3,5,3,384,0.2657093676114464,0.04775014918525786,0.179708188742085,-0.18229137948226531,0.4901228222120488,0.07362525465818043,0.1502179684795965,-0.16292367296183113,-0.22441345460060236,0.8445823969923705,True
0.7,1,20,0.1,6,0.3,4,7,5,7,3,217,0.4102304852357312,0.07028597299871488,0.17133288609286648,-0.16568599281664734,0.3688770486235863,0.05594307616247602,0.1516577850837288,-0.1761036694827223,0.04135343661214491,0.10080537185914387,True
0.7,1,20,0.1,6,0.4,4,7,5,7,3,253,0.30882909879412973,0.05451326566604605,0.17651596264374503,-0.17177308617045567,0.4595148639099342,0.07194868812569531,0.1565753227512514,-0.16853417147799324,-0.15068576511580445,0.4879260591187164,True
0.7,1,20,0.1,6,0.5,4,7,5,7,3,276,0.2994630996093391,0.05330774281409921,0.17801105673333767,-0.17318608205093705,0.45372203554646956,0.07079309358193255,0.15602745301243368,-0.16298197203072845,-0.15425893593713047,0.5151183439240663,True
0.7,1,20,0.1,8,0.3,4,11,8,11,3,81,0.7490627010858059,0.15196661005896955,0.2028756869600982,-0.1663351108220036,-0.014979241397984447,-0.0025657137650073733,0.17128462629306493,-0.21913697088728604,0.7640419424837903,1.0199973131438413,True
0.7,1,20,0.1,8,0.4,4,11,8,11,3,92,0.6828818069274077,0.13111795390340614,0.19200680494530198,-0.1520498057368682,0.15989645174822714,0.025877953739582144,0.1618419511918223,-0.19321924392640974,0.5229853551791805,0.76585047349896,True
0.7,1,20,0.1,8,0.5,4,9,7,9,3,200,0.3430563292590477,0.060483335791462756,0.17630730184193963,-0.1712738123209198,0.4829887930463051,0.07556672352533605,0.1564564739664494,-0.166741196346325,-0.13993246378725738,0.4078993793511735,True
0.7,1,20,0.1,10,0.3,4,12,7,12,3,98,0.5685549114449696,0.10101994593323649,0.17767843333988015,-0.14430505678685446,0.06845330012891832,0.010449088514594218,0.15264550423303797,-0.2034708141051837,0.5001016113160512,0.8796012509065381,True
0.7,1,20,0.1,10,0.4,4,12,9,12,3,105,0.5540467976789402,0.09837663631490304,0.17756015688030466,-0.1462839532540679,0.10530195624100121,0.016040855414524262,0.15233197926363373,-0.1993286970965171,0.44874484143793897,0.809940321499662,True
0.7,1,20,0.1,10,0.5,4,13,10,13,3,99,0.375292236342239,0.06613137769690677,0.17621301826398508,-0.15410376279076607,-0.12833908945510597,-0.025325029310654213,0.19732903995328024,-0.3045501183246808,0.503631325797345,1.3419710748774194,True
0.7,1,20,0.2,4,0.3,4,5,3,5,3,186,0.4345551697626829,0.07496149487068768,0.17250167547569456,-0.16699771520695117,0.21651996051882216,0.0320409172330673,0.14798135542003282,-0.18560816044052814,0.21803520924386072,0.501743448048111,True
0.7,1,20,0.2,4,0.4,4,5,3,5,3,210,0.4075785678011796,0.06952080153254502,0.17057030723572753,-0.16649451481747762,0.18866529588607286,0.027665017803296152,0.14663543537971024,-0.18864345328679186,0.21891327191510676,0.5371069266377484,True
0.7,1,20,0.2,4,0.5,4,5,3,5,3,246,0.3839595924276162,0.06515800779345356,0.16970016918052933,-0.16607815653118552,0.17530938242241287,0.025584534756409663,0.14593933537888468,-0.18794752287260413,0.2086502100052033,0.5434171046124806,True
0.7,1,20,0.2,6,0.3,4,10,6,10,3,23,0.6533652388376631,0.13130523125743854,0.20096758053891967,-0.1687952606803023,0.03627852878917494,0.005951726278890789,0.16405643992560995,-0.2069881160305754,0.6170867100484881,0.9444743512009999,True
0.7,1,20,0.2,6,0.4,4,8,5,8,3,61,0.535530470913877,0.08998772433312728,0.16803474166383886,-0.1421945310407482,0.49646492513424184,0.07150110351605067,0.14402045320063064,-0.16270137348215505,0.039065545779635114,0.07294738189774745,True
0.7,1,20,0.2,6,0.5,4,8,6,8,3,60,0.496975271528238,0.08762330204941031,0.17631320323033733,-0.15014793620520805,-0.2900209384440157,-0.05620581928613975,0.19379917735487728,-0.3206715065702982,0.7869962099722537,1.583572171613647,True
0.7,1,20,0.2,8,0.3,4,11,7,11,3,32,0.6369607347449522,0.11961795988814478,0.18779487237316356,-0.1622633143429857,-0.3423496525930311,-0.06807978117600581,0.1988603775711606,-0.32850347883588726,0.9793103873379833,1.5374737152834272,True
0.7,1,20,0.2,8,0.4,4,13,8,13,3,32,0.6369607347449522,0.11961795988814478,0.18779487237316356,-0.1622633143429857,-0.3423496525930311,-0.06807978117600581,0.1988603775711606,-0.32850347883588726,0.9793103873379833,1.5374737152834272,True
0.7,1,20,0.2,8,0.5,4,12,8,12,3,17,0.37691105857712215,0.06643616620110186,0.17626483672807372,-0.1467875046369482,0.013145544160005658,0.0026294711719765315,0.20002756371063757,-0.30241025844205793,0.36376551441711646,0.965122954445456,True
0.7,1,20,0.2,10,0.3,4,13,9,13,3,33,0.6816671546823377,0.1253067101759159,0.18382389310558733,-0.1413433914974829,0.36989235323371455,0.05698420443011268,0.1540561840003962,-0.17683609609708892,0.3117748014486232,0.45737101942943503,True
0.7,1,20,0.2,10,0.4,4,13,9,13,3,30,0.6384942899976647,0.1199105375318183,0.18780205149877985,-0.16065269367455004,-0.34922998069770106,-0.06956918896291414,0.19920737854157577,-0.33143971529142885,0.9877242706953657,1.546958659096197,True
0.7,1,20,0.2,10,0.5,4,13,9,13,3,32,0.6369607347449522,0.11961795988814478,0.18779487237316356,-0.1622633143429857,-0.3423496525930311,-0.06807978117600581,0.1988603775711606,-0.32850347883588726,0.9793103873379833,1.5374737152834272,True
0.7,2,10,0.1,4,0.3,4,12,7,12,3,83,0.7174704115320588,0.1423850879388744,0.19845429950878493,-0.16715779679072248,0.03534784717872367,0.005821371621530002,0.16468815178747184,-0.20571773222560805,0.6821225643533352,0.9507326760650057,True
0.7,2,10,0.1,4,0.4,4,15,10,15,3,40,0.7259244981868815,0.12926893575333956,0.1780749045888525,-0.15550685195188899,-0.0375233530423913,-0.0057248453137599496,0.15256753060667083,-0.21982391224186162,0.7634478512292728,1.05169043493657,True
0.7,2,10,0.1,4,0.5,4,18,15,18,3,37,0.7321841650378041,0.15407511924641876,0.21043219261435891,-0.17065979602206108,-0.1365900315032321,-0.0236995521083401,0.1735086510158635,-0.22815958040987336,0.8687741965410363,1.1865514689138077,True
0.7,2,10,0.1,6,0.3,4,26,19,26,3,22,0.7887360035609965,0.23639694491410246,0.2997161836746569,-0.2717569951888328,0.15226159350186932,0.03446510227927768,0.2263545355503885,-0.2562642839683249,0.6364744100591272,0.806954934459139,True
0.7,2,10,0.1,6,0.4,4,27,19,27,3,22,0.7883765116430195,0.23245541210350618,0.2948532949301806,-0.26734480225330104,0.22517192727902333,0.0494677153239057,0.21968864379176117,-0.22462026182686778,0.5632045843639961,0.7143852918578804,True
0.7,2,10,0.1,6,0.5,4,28,22,28,3,26,0.7822445867648921,0.2292609649806745,0.29308092233507543,-0.2661481395542879,0.2194775817602862,0.04786356035555519,0.21807949573561392,-0.22583544325939353,0.5627670050046059,0.719425886131122,True
0.7,2,10,0.1,8,0.3,4,33,25,33,3,22,0.8123565359890976,0.24142819187779396,0.29719486602497663,-0.2612524749887953,0.2713789204515063,0.05937185305592952,0.21877842596303973,-0.21408054115937244,0.5409776155375914,0.6659361888175314,True
0.7,2,10,0.1,8,0.4,4,34,27,34,3,22,0.7814161378241883,0.23046133846578049,0.2949277949486529,-0.2664162547728004,0.2204847343100828,0.04826880641826908,0.21892130795044226,-0.2181322068532832,0.5609314035141055,0.7178395433142566,True
0.7,2,10,0.1,8,0.5,4,38,30,38,3,23,0.7863576126417681,0.2309502825048746,0.2936962506524191,-0.26675965723785794,0.22172853685680882,0.04851187046032315,0.21878947630296175,-0.22545023757559662,0.5646290757849592,0.7180309145709013,True
0.7,2,10,0.1,10,0.3,4,38,28,38,3,27,0.9242502983494467,0.22879001604091537,0.2475411871107808,-0.2033265972392308,0.11067368302005705,0.022539929071627714,0.20366114559992435,-0.26699556192456236,0.8135766153293896,0.8802557237820735,True
0.7,2,10,0.1,10,0.4,4,41,32,41,3,23,0.7615232733743674,0.21040171105059985,0.2762905854712672,-0.25349233072360444,0.5468084386467119,0.10975337484225872,0.20071631504789086,-0.18005644008555455,0.2147148347276555,0.2819543961883631,True
0.7,2,10,0.1,10,0.5,4,53,45,53,3,26,0.9576709707958215,0.20095812258873288,0.20984046579352544,-0.1512688542994552,0.6717518273728957,0.1155975177738391,0.1720836670082772,-0.15192959659768693,0.2859191434229258,0.29855676129070496,True
0.7,2,10,0.2,4,0.3,4,12,7,12,3,75,0.7111703249694015,0.14344234108436718,0.20169899677765502,-0.16250738005613416,0.06573225482884988,0.011001944820900857,0.16737513188231762,-0.20424225577766922,0.6454380701405515,0.9075717131030768,True
0.7,2,10,0.2,4,0.4,4,13,9,13,3,93,0.6439826345612997,0.12587321792938097,0.19546057793177854,-0.15630406173430886,0.21019402800200876,0.03460277882183578,0.1646230349679825,-0.19360609941116025,0.4337886065592909,0.6736029564753726,True
0.7,2,10,0.2,4,0.5,4,19,15,19,3,42,0.672607587075105,0.1253459124568073,0.1863581601894878,-0.1486551583752972,0.3169664843593551,0.04802592299251284,0.15151735392333882,-0.1682100337709772,0.35564110271574995,0.5287497636806142,True
0.7,2,10,0.2,6,0.3,4,26,17,26,3,33,0.9360725561010723,0.2201789311920165,0.2352156675857536,-0.22481328613223636,0.2841170408883693,0.05256433968743548,0.18500945780330091,-0.19060986502985175,0.651955515212703,0.6964796809429249,True
0.7,2,10,0.2,6,0.4,4,27,22,27,3,47,0.8197251970428568,0.19941974675729526,0.2432763412381347,-0.21946356122152516,0.30128587392260664,0.055295415067677614,0.18353138946660913,-0.17963239192349162,0.5184393231202502,0.6324550288200366,True
0.7,2,10,0.2,6,0.5,4,29,23,29,3,60,0.8146114582670142,0.1937754032348585,0.2378746349174757,-0.2177862682741092,0.39444166422371363,0.0702256810528805,0.1780381927732942,-0.17651847883186145,0.42016979404330057,0.5157916572118445,True
0.7,2,10,0.2,8,0.3,4,37,29,37,3,25,1.0494761183628423,0.19533050295959994,0.18612191315445165,-0.13808319213996642,0.48591514574763656,0.07496560875618388,0.1542771601425196,-0.14293830968374097,0.5635609726152058,0.536992660199212,True
0.7,2,10,0.2,8,0.4,4,38,31,38,3,28,0.8926958636076654,0.21872992905829822,0.2450217795054428,-0.2354242990849632,0.4064020523169524,0.07683572878124043,0.18906333849248463,-0.2367298327438462,0.486293811290713,0.5447474678839066,True
0.7,2,10,0.2,8,0.5,4,50,41,50,3,22,0.7756274924764617,0.232821167813725,0.3001713710151791,-0.2713850144795195,0.13286319924826365,0.02999900776251153,0.22578869041423882,-0.25217959930464473,0.6427642932281981,0.8287023080834184,True
0.7,2,10,0.2,10,0.3,4,53,43,53,3,41,0.8536326351616977,0.1912193351261575,0.2240065893098571,-0.20113090533892192,0.4289256874584466,0.07297064028136836,0.17012420196549222,-0.16242536347478298,0.4247069477032511,0.4975289488818593,True
0.7,2,10,0.2,10,0.4,4,58,50,58,3,18,0.7696047595265947,0.253029222619964,0.32877814162117364,-0.3483734068598317,-0.008888568180911006,-0.002325057435566738,0.2615783991576963,-0.35221623660801776,0.7784933277075057,1.0115495234026082,True
0.7,2,10,0.2,10,0.5,4,61,52,61,3,21,0.7934484083856364,0.23831737642219541,0.3003564868282741,-0.2723061447028499,0.14642546652829053,0.03313231038434896,0.22627423473462208,-0.2601373533118825,0.6470229418573459,0.815456852668959,True
0.7,2,15,0.1,4,0.3,4,16,11,16,3,41,0.7175044108362011,0.1273311259360575,0.17746389292250064,-0.1557742261790838,-0.031582869496868414,-0.0048121962096413515,0.15236728917613085,-0.21843231231545793,0.7490872803330695,1.0440176659820959,True
0.7,2,15,0.1,4,0.4,4,21,15,21,3,45,0.709823316645388,0.12418112024273051,0.17494652166345875,-0.14390940873034846,-0.02326278657525635,-0.003481455805300952,0.14965772883821366,-0.2133791660636597,0.7330861032206444,1.0327726435998128,True
0.7,2,15,0.1,4,0.5,4,21,16,21,3,51,0.8429070945065479,0.23657546839689558,0.280666125529992,-0.25220674430698026,0.18304254758584315,0.03892974464767122,0.21268139654477863,-0.2546395977134293,0.6598645469207047,0.7828437454391111,True
0.7,2,15,0.1,6,0.3,4,24,18,24,3,37,0.7826108270947596,0.22753979641835992,0.2907445035779055,-0.2732056989851648,0.09457669888877306,0.02087715015074474,0.22074306246718672,-0.2711891413160665,0.6880341282059865,0.8791523249941934,True
0.7,2,15,0.1,6,0.4,4,30,24,30,3,50,0.7951159490051288,0.2180569335841668,0.2742454529518691,-0.25034653441281024,0.21475155371768045,0.04464094409866972,0.20787250814192568,-0.22875210273821456,0.5803643952874484,0.7299116512674868,True
0.7,2,15,0.1,6,0.5,4,32,27,32,3,27,0.7776627176450543,0.22678249666354988,0.2916206364505947,-0.26525636783027484,0.21934642763372614,0.04772783347771246,0.21759111371264453,-0.2270454172980425,0.5583162900113282,0.7179414382909358,True
0.7,2,15,0.1,8,0.3,4,31,25,31,3,33,0.8918081512765351,0.20701948919525087,0.2321345559568198,-0.21428198843220844,0.3978117441023394,0.07064317754282244,0.1775794168727434,-0.1677882574077934,0.49399640717419574,0.5539267682932576,True
0.7,2,15,0.1,8,0.4,4,40,32,40,3,38,0.7998291538357842,0.22124011208687372,0.27660921213719264,-0.25399512151266695,0.26624983566060256,0.05502310991743498,0.20665969532306025,-0.2044777715999036,0.5335793181751817,0.6671166156125546,True
0.7,2,15,0.1,8,0.5,4,45,38,45,3,52,0.6584818444782747,0.11632576964122865,0.17665752004657825,-0.1528545407895952,-0.1662476027006021,-0.03404521852645504,0.20478622231784963,-0.3313646564703904,0.8247294471788769,1.2524710500292118,True
0.7,2,15,0.1,10,0.3,4,46,38,46,3,27,0.8726039064462894,0.19806815986434906,0.2269851858341876,-0.20912706525618188,0.5538160128656723,0.09532123660458507,0.17211715513849754,-0.15783416869773792,0.3187878935806171,0.3653294366729255,True
0.7,2,15,0.1,10,0.4,4,54,46,54,3,36,0.7838509304021882,0.21514588521797962,0.2744729601935789,-0.2493551656291277,0.28308552283868255,0.05743284892172049,0.20288161805592878,-0.1973649745880981,0.5007654075635057,0.6388528585487123,True
0.7,2,15,0.1,10,0.5,4,55,48,55,3,45,0.8089839074043127,0.2193900927302714,0.2711921593523429,-0.24840633922729063,0.281398769110448,0.05693829558692458,0.20234024394249042,-0.19875545559653812,0.5275851382938648,0.6521577666318016,True
0.7,2,15,0.2,4,0.3,4,14,11,14,3,70,0.6130425808138396,0.10318469614990713,0.1683157082056603,-0.14266050591365795,0.44254332191155515,0.0656151662127883,0.1482683456375868,-0.16328860758849603,0.1704992589022844,0.2781197656383665,True
0.7,2,15,0.2,4,0.4,4,16,12,16,3,57,0.761741041854182,0.1368077841945164,0.17959880940838832,-0.13153924140028328,0.12330745747053236,0.018854214752546606,0.1529040914419335,-0.17942285308584546,0.6384335843836496,0.8381241777778112,True
0.7,2,15,0.2,4,0.5,4,20,14,20,3,25,0.9138455028470587,0.22586140202929192,0.24715490892675773,-0.20977446846679546,0.10984897052653153,0.022329284273657254,0.20327258568403353,-0.2658221529731243,0.8039965323205271,0.8797948119410772,True
0.7,2,15,0.2,6,0.3,4,28,22,28,3,20,0.7789338855145488,0.23372158791983128,0.30005317815316157,-0.27157792519261076,0.1505681953333692,0.03408241009402076,0.2263586278533774,-0.2498430539363501,0.6283656901811796,0.8066996466151851,True
0.7,2,15,0.2,6,0.4,4,32,25,32,3,29,0.7519091453014246,0.20325675122601616,0.270320892485667,-0.2527226464043086,0.3979782181820766,0.08343772528729003,0.20965399983050564,-0.21933424078305497,0.353930927119348,0.4707096985467101,True
0.7,2,15,0.2,6,0.5,4,35,30,35,3,41,0.7274819455306146,0.1525185202722208,0.20965265352527207,-0.1700459850830648,-0.1040825287059586,-0.017795423436498006,0.17097416499911802,-0.22412207323744282,0.8315644742365732,1.1430723186264675,True
0.7,2,15,0.2,8,0.3,4,41,33,41,3,30,0.8646486887582853,0.2050969156741822,0.23720259839718275,-0.22198817642321872,0.2755715055109657,0.05198944605012684,0.18866045657996394,-0.22072227592033763,0.5890771832473196,0.6812907842297066,True
0.7,2,15,0.2,8,0.4,4,41,36,41,3,27,0.9077492136302976,0.2131210329954966,0.23477963934904073,-0.21503478567342638,0.40996163461117946,0.07328844734768195,0.17876903875942202,-0.16469171375038316,0.49778757901911813,0.5483756653760693,True
0.7,2,15,0.2,8,0.5,4,49,44,49,3,16,0.7524853067357629,0.2540799408828694,0.33765435498674823,-0.30720856151210035,-0.2253287064301087,-0.057885084754655446,0.2568917457155418,-0.34077637107547476,0.9778140131658716,1.2994459883975296,True
0.7,2,15,0.2,10,0.3,4,50,40,50,3,39,0.820836657767916,0.17948787321207785,0.21866454368662758,-0.19210673031571104,0.6920980642397079,0.11492432514889768,0.166052082915657,-0.15200567746708174,0.12873859352820816,0.15683826046254357,True
0.7,2,15,0.2,10,0.4,4,60,52,60,3,22,0.773188955286541,0.2230947092147511,0.2885384066719797,-0.26346515209035776,0.3046367321820793,0.06444251779152904,0.2115388952932051,-0.2061917239397469,0.46855222310446165,0.6059996329497722,True
0.7,2,15,0.2,10,0.5,4,70,63,70,3,16,0.8790763166500912,0.2811897843102342,0.31986959378199176,-0.301818964347714,0.19862144399681259,0.05352329260761573,0.26947388726302207,-0.40385032872973325,0.6804548726532786,0.7740566544282501,True
0.7,2,20,0.1,4,0.3,4,15,11,15,3,39,0.6083793108707838,0.10803058377213769,0.17757110053185676,-0.14303145160305009,0.5349440295044462,0.08111326867996169,0.15162944944932322,-0.1641030376832587,0.07343528136633759,0.1207064080815444,True
0.7,2,20,0.1,4,0.4,4,15,12,15,3,120,0.6033511036486353,0.10854545256605631,0.17990429106643074,-0.14732734803370617,0.32259714925274685,0.04971122637943889,0.1540969177644263,-0.17107261441700283,0.28075395439588846,0.4653243405010609,True
0.7,2,20,0.1,4,0.5,4,16,13,16,3,64,0.47786491037208284,0.08403144161296273,0.17584769207584802,-0.14850726100432435,-0.28519642223740826,-0.05610573682614188,0.19672665030642406,-0.32482886793904087,0.763061332609491,1.5968139029403603,True
0.7,2,20,0.1,6,0.3,4,25,19,25,3,37,0.7273422015641925,0.12948519880470047,0.17802514212187176,-0.14963008193176258,-0.09421443440735278,-0.014347965979383264,0.1522905281938784,-0.2255071257590898,0.8215566359715453,1.1295324734419907,True
0.7,2,20,0.1,6,0.4,4,29,23,29,3,32,0.9204515794260698,0.17567544672101712,0.19085789046128449,-0.15088715953412785,0.6441075626331462,0.09930349338178113,0.1541722208257005,-0.14592103004046938,0.27634401679292364,0.3002265659267299,True
0.7,2,20,0.1,6,0.5,4,29,26,29,3,53,0.7766605037337605,0.1378167971836029,0.1774479280471388,-0.13574025232851253,0.10392341442250243,0.015892529760004753,0.15292540038564745,-0.2041728690558049,0.6727370893112581,0.8661919668595284,True
0.7,2,20,0.1,8,0.3,4,39,32,39,3,45,0.8486880739319186,0.1949055067459879,0.229655055529416,-0.2147193431857888,0.5518118509639799,0.09737449731919505,0.1764632222905109,-0.1719993147423334,0.2968762229679387,0.3498060501693276,True
0.7,2,20,0.1,8,0.4,4,42,36,42,3,37,0.679525234202472,0.1550031432271134,0.22810505839276676,-0.2125800690796409,0.8436959079984122,0.1473328739940953,0.1746279347776244,-0.1768986544822944,-0.1641706737959402,0.2415961402649305,True
0.7,2,20,0.1,8,0.5,4,44,39,44,3,40,0.7418977258054493,0.15387160108108439,0.20740271297372156,-0.16634505026319726,0.05172048460423417,0.008516332803826078,0.16466073102356193,-0.1994429718185491,0.6901772412012152,0.9302862337957927,True
0.7,2,20,0.1,10,0.3,4,50,42,50,3,20,0.784129536993587,0.22447743537345538,0.28627595924280463,-0.25486230762389817,0.32563229187057025,0.06902065002594299,0.2119588620325676,-0.2062220681811384,0.45849724512301676,0.5847213036776174,True
0.7,2,20,0.1,10,0.4,4,53,47,53,3,31,0.9073974450668215,0.2087473786451461,0.23005065727265053,-0.20895570955085738,0.4028068888626833,0.07099164674055009,0.17624238488322158,-0.1658822496554385,0.5045905562041382,0.5560854936802029,True
0.7,2,20,0.1,10,0.5,4,62,55,62,3,26,0.9285559703615855,0.23161394566513244,0.24943455543658882,-0.20883478216940635,0.1119661427964888,0.022956062128609653,0.20502681931568284,-0.26500494082901144,0.8165898275650968,0.8794190696411242,True
0.7,2,20,0.2,4,0.3,4,16,14,16,3,50,0.498171913272056,0.08881417836672764,0.1782801799952649,-0.15029753375150073,-0.3889289979232354,-0.07708271208024083,0.19819224715009545,-0.3362847248394534,0.8871009111952914,1.7807124158580132,True
0.7,2,20,0.2,4,0.4,4,17,15,17,3,63,0.4787304685509713,0.08478104810052937,0.1770955760496004,-0.14734609318973754,-0.37861830551916925,-0.07483419909672102,0.19765076861275058,-0.33384987631177904,0.8573487740701405,1.7908799008869791,True
0.7,2,20,0.2,4,0.5,4,17,15,17,3,95,0.41699983361981774,0.07413977200692347,0.1777932891803437,-0.1546575486420728,-0.27523236208375224,-0.05478267653080716,0.1990415520764124,-0.32248620364706115,0.69223219570357,1.6600299086322512,True
0.7,2,20,0.2,6,0.3,4,28,23,28,3,39,0.6466348899258666,0.11830265033314975,0.18295123287689063,-0.13723920695519357,0.42221150208365615,0.06439068895348733,0.15250813546223355,-0.1703332903356175,0.22442338784221044,0.34706353050009325,True
0.7,2,20,0.2,6,0.4,4,32,28,32,3,48,0.6821682987502181,0.11549137826321346,0.16930041820295966,-0.12753561722181983,0.20705909878318143,0.029738900729989436,0.14362518191547835,-0.1735689328934471,0.4751091999670367,0.6964691863246523,True
0.7,2,20,0.2,6,0.5,4,32,28,32,3,43,0.6980797180656471,0.14627321753964903,0.20953655256589704,-0.17025936352498022,-0.09301106362344476,-0.0156780538702114,0.168561171751395,-0.21219693068953463,0.7910907816890919,1.13323845574711,True
0.7,2,20,0.2,8,0.3,4,40,35,40,3,30,0.7856248554011096,0.1843318739385714,0.23463090897812633,-0.21089224546624996,0.6309966798839918,0.10928851592442214,0.1731998272075136,-0.1686879902689625,0.15462817551711783,0.19682189845962889,True
0.7,2,20,0.2,8,0.4,4,41,36,41,3,31,0.7720675676169457,0.18004624718829096,0.23320011711412705,-0.21225623235509422,0.6385538295575797,0.1102594195040341,0.17267051640803258,-0.16546564695101695,0.13351373805936606,0.17293012122173182,True
0.7,2,20,0.2,8,0.5,4,51,47,51,3,33,0.7856400655277751,0.17680400616259742,0.22504453874030025,-0.20383293393072388,0.5513408339505436,0.09191531127259739,0.16671232314500106,-0.15839797672256392,0.23429923157723154,0.29822719316107515,True
0.7,2,20,0.2,10,0.3,4,59,50,59,3,40,0.797063602081243,0.1812643656913445,0.22741518395525553,-0.20995568593263322,0.36997164238676244,0.06461485262864944,0.1746481222501429,-0.16917349958530448,0.4270919596944806,0.5358317185470326,True
0.7,2,20,0.2,10,0.4,4,65,57,65,3,28,0.774813113625774,0.1830091072828623,0.23619774119008216,-0.19957436966040262,0.0875461826044197,0.0158724065915875,0.18130324040863655,-0.18010428083670862,0.6872669310213543,0.8870099368933713,True
0.7,2,20,0.2,10,0.5,4,74,68,74,3,27,0.7004899291581448,0.13007684070118805,0.18569409107353704,-0.1608920377256479,-0.20492651216975472,-0.042381819982003174,0.2068147236453983,-0.3345122930771169,0.9054164413278996,1.2925474066644147,True
0.9,1,10,0.1,4,0.3,4,5,3,5,3,294,0.05909589327898395,0.011266210010203255,0.19064285832886826,-0.21874464118892434,0.32577790992505,0.05418909188263803,0.16633752698304505,-0.20965675190522615,-0.26668201664606606,4.512699645423672,True
0.9,1,10,0.1,4,0.4,4,5,3,5,3,358,0.07055405592081143,0.014986748519666896,0.21241512375259822,-0.2893776682726326,1.2537879886859595,0.20411878996648847,0.16280167923798383,-0.19792872206939915,-1.1832339327651482,16.770601169877295,True
0.9,1,10,0.1,4,0.5,4,6,4,6,3,79,0.27825803660903314,0.04934952947467302,0.17735167715573172,-0.15987235640972086,-0.059175056971101224,-0.011923450638643777,0.2014945358559895,-0.30833159531254706,0.33743309358013435,1.2126625260935238,True
0.9,1,10,0.1,6,0.3,4,10,7,10,3,18,0.6420893859443828,0.12823399331518626,0.19971361639404792,-0.16856864467436677,0.33378375103558094,0.05289080652175909,0.158458302292016,-0.1706384310085564,0.30830563490880186,0.4801599927638533,True
0.9,1,10,0.1,6,0.4,4,10,7,10,3,20,0.636902740862761,0.1270503022139007,0.1994814813354326,-0.1682329505333927,0.30838988526233596,0.04876420217955324,0.15812516723131603,-0.16374326149111196,0.32851285560042504,0.5157975221702061,True
0.9,1,10,0.1,6,0.5,4,8,6,8,3,228,0.15873797202014828,0.029597465406008584,0.18645485405503254,-0.18669383283480118,0.49394461286671215,0.08303588585637177,0.16810768594975745,-0.19391303531591644,-0.3352066408465639,2.1116978916929643,True
0.9,1,10,0.1,8,0.3,4,11,9,11,3,146,0.34992033968687314,0.08561828387361249,0.24467935745097918,-0.20385469088718153,0.6862836942930409,0.13763496408805753,0.20055112081577134,-0.23504818310428835,-0.3363633546061678,0.9612569389569156,True
0.9,1,10,0.1,8,0.4,4,11,9,11,3,168,0.3837963645553751,0.09209737350662882,0.23996416332219006,-0.18482855763884012,0.6783659995736839,0.1330093043701869,0.1960730703687626,-0.23041591094505193,-0.29456963501830885,0.7675154384527987,True
0.9,1,10,0.1,8,0.5,4,12,9,12,3,92,0.5007733151503696,0.11171337031731039,0.22308171569358817,-0.1642595328422303,0.8832377751471331,0.15129462077751502,0.17129545976711852,-0.17224702843442277,-0.3824644599967635,0.7637476846822779,True
0.9,1,10,0.1,10,0.3,4,14,11,14,3,72,0.5209485045716006,0.11891792559114843,0.22827193964006098,-0.16813706247294127,0.7225647794774599,0.12764254235173633,0.17665204003445076,-0.18111307851061903,-0.20161627490585932,0.3870176670756689,True
0.9,1,10,0.1,10,0.4,4,14,11,14,3,81,0.5057430881609836,0.11491365264664001,0.2272174456491272,-0.1698464200778416,0.7474217956315676,0.13191777559439133,0.1764970949006397,-0.18122848221901186,-0.24167870747058406,0.47786853271567614,True
0.9,1,10,0.1,10,0.5,4,13,11,13,3,98,0.41789691886279545,0.0995760872470751,0.23827906536867308,-0.18696952109443615,0.6071523401973922,0.11820508340412764,0.1946876847509108,-0.2165221203314098,-0.18925542133459672,0.45287584758846555,True
0.9,1,10,0.2,4,0.3,4,7,3,7,3,70,0.3909315626697946,0.06615818578302189,0.16923214214581916,-0.14345823916521214,0.39751729082131726,0.06277101296513875,0.1579076292139305,-0.1894419628505028,-0.006585728151522641,0.01684624312896772,True
0.9,1,10,0.2,4,0.4,4,7,5,7,3,81,0.31979165392815656,0.057416921434813105,0.1795447777624372,-0.15737088005341426,-0.35349480301456515,-0.07614977212063548,0.21541977837082332,-0.3640178568477387,0.6732864569427217,2.10539095899601,True
0.9,1,10,0.2,4,0.5,4,7,5,7,3,110,0.2973021415242206,0.05338798065939914,0.17957482709571984,-0.15848603936703384,-0.3595607185615826,-0.0772770824831782,0.21492081446584055,-0.36361439388990957,0.6568628600858032,2.209411801469617,True
0.9,1,10,0.2,6,0.3,4,10,6,10,3,97,0.48108781015429203,0.09051637603499427,0.18814938588022906,-0.16862716421678053,1.1343058885008352,0.17300641006764747,0.15252183015315457,-0.158442515069863,-0.6532180783465432,1.3577938674792995,True
0.9,1,10,0.2,6,0.4,4,10,6,10,3,113,0.4776478492752573,0.08994703506296402,0.1883124465009988,-0.17201647337988124,1.1336103548033942,0.17384010690145188,0.1533508459629425,-0.16456751895662328,-0.655962505528137,1.373318243813804,True
0.9,1,10,0.2,6,0.5,4,11,7,11,3,130,0.4815499068608569,0.08939031197671339,0.18563042106981983,-0.1729034329054584,1.1410406582551262,0.17161725659550037,0.150404155499539,-0.16261898671593464,-0.6594907513942694,1.3695169327170655,True
0.9,1,10,0.2,8,0.3,4,12,7,12,3,46,0.664973055853708,0.16035810594543343,0.24114977972988985,-0.2440558317554875,0.45703098420346777,0.08320582439876176,0.1820572943074664,-0.1882532483815529,0.20794207165024026,0.3127075147176893,True
0.9,1,10,0.2,8,0.4,4,12,8,12,3,56,0.5905112457757465,0.1176458546830539,0.1992271197621379,-0.18268579638794583,1.0140745828446973,0.16189405354565434,0.15964708738829317,-0.16380737557334374,-0.4235633370689508,0.7172824228140168,True
0.9,1,10,0.2,8,0.5,4,14,10,14,3,25,0.43094527342730715,0.08277351506424015,0.19207430773272555,-0.1932091894543362,1.5208719161158584,0.2364202043237339,0.15545043722519739,-0.14575949487943204,-1.0899266426885512,2.529153258882192,True
0.9,1,10,0.2,10,0.3,4,16,11,16,3,23,0.5485458956179501,0.11410782267317858,0.20801873386479974,-0.19099263431400962,1.320837603721643,0.21875049381737177,0.16561498037382638,-0.1416756307995756,-0.7722917081036929,1.4078889556427867,True
0.9,1,10,0.2,10,0.4,4,17,12,17,3,24,0.6075041171561856,0.12519470087354503,0.20608041548689332,-0.18228951224656678,1.1972497444166814,0.19127818983833986,0.15976465288913763,-0.15252473549378828,-0.5897456272604958,0.9707681159778475,True
0.9,1,10,0.2,10,0.5,4,16,12,16,3,38,0.4822769856365204,0.09281133711744052,0.1924440516168234,-0.19517319247199658,1.3958201984966379,0.21423264746396578,0.15348154991216215,-0.14813123100875178,-0.9135432128601175,1.894229333075892,True
0.9,1,15,0.1,4,0.3,4,6,3,6,3,86,0.6036584581572466,0.12151429875738762,0.20129644025584817,-0.15581079015834132,0.14353198453430244,0.027739611698179983,0.19326432215218584,-0.2524246309306306,0.4601264736229442,0.762229812910343,True
0.9,1,15,0.1,4,0.4,4,6,3,6,3,102,0.6000473184169455,0.12026310135768348,0.20042269612163843,-0.1520477040553001,0.15218785503488305,0.02889344081595911,0.18985378832848673,-0.25066965711728795,0.4478594633820624,0.7463735769432526,True
0.9,1,15,0.1,4,0.5,4,7,4,7,3,135,0.6742244314136432,0.13040757779008366,0.19341864772930092,-0.14880184357906387,0.3539956210092622,0.06186522542852238,0.17476268562910752,-0.18389357202420942,0.320228810404381,0.4749587755711533,True
0.9,1,15,0.1,6,0.3,4,7,5,7,3,229,0.12998322570052587,0.0247246478899106,0.19021414306854345,-0.2038179337041801,0.1231138972028475,0.020511908350278895,0.16660920347995023,-0.2589765589510311,0.006869328497678365,0.05284780755868389,True
0.9,1,15,0.1,6,0.4,4,7,5,7,3,133,0.15336557382838126,0.02895490856409816,0.18879666304055434,-0.186994236622281,0.13562992108002359,0.02297171621294753,0.16937056388460103,-0.24977917802471467,0.017735652748357672,0.11564298496482774,True
0.9,1,15,0.1,6,0.5,4,8,6,8,3,148,0.09218914526907716,0.01822034985729187,0.19764094573294075,-0.19987404330273573,0.1366148851928829,0.02451480341403223,0.17944459990154393,-0.26016438406927905,-0.04442573992380573,0.4818977309545289,True
0.9,1,15,0.1,8,0.3,4,12,8,12,3,58,0.33792598481622216,0.06912880719670644,0.204567894458609,-0.17274312307157724,-0.20171278697304137,-0.03646512147596995,0.18077744114875305,-0.2530856696748257,0.5396387717892636,1.596914105562912,True
0.9,1,15,0.1,8,0.4,4,11,8,11,3,134,0.1343348470425677,0.027142286736634186,0.20204948555182708,-0.20957920295583243,1.0151238332849093,0.1671451360165873,0.16465492242036206,-0.18942684956629866,-0.8807889862423416,6.556667950522468,True
0.9,1,15,0.1,8,0.5,4,11,8,11,3,160,0.12615030376101793,0.025337784851594488,0.20085393452238512,-0.2127368512035497,1.089058409551656,0.17030457607320582,0.1563778164509256,-0.17581821791609775,-0.9629081057906381,7.633022490495097,True
0.9,1,15,0.1,10,0.3,4,12,9,12,3,129,0.10204465068841174,0.023750355623537157,0.23274473932061057,-0.2510225391079839,0.6981586178803064,0.12304651024749354,0.17624434776881728,-0.21266158969618268,-0.5961139671918947,5.841697366499877,True
0.9,1,15,0.1,10,0.4,4,14,11,14,3,41,0.48495218689133357,0.09552189176394628,0.19697177236433516,-0.15746738420612605,-0.280247592303667,-0.047808477534467785,0.17059371372819537,-0.24808739550271605,0.7651997791950006,1.5778870574852444,True
0.9,1,15,0.1,10,0.5,4,13,10,13,3,100,0.09049839470540787,0.018864624215035337,0.20845258389879542,-0.21667514303385185,0.039982050319548684,0.007544121625297758,0.18868771273616153,-0.27946122189868533,0.05051634438585918,0.5582015520861002,True
0.9,1,15,0.2,4,0.3,4,5,3,5,3,235,0.19988557581389327,0.03771869919905315,0.18870145604789293,-0.18223379941935255,0.3459891574831253,0.057443666966397564,0.16602736162100462,-0.19653153173763144,-0.14610358166923204,0.7309360921833808,True
0.9,1,15,0.2,4,0.4,4,5,3,5,3,263,0.19899197753903652,0.037563470654283254,0.18876876906715687,-0.18644595881043372,0.404447625263169,0.06639622259806655,0.1641651933420634,-0.18576092481069756,-0.2054556477241325,1.0324820641768233,True
0.9,1,15,0.2,4,0.5,4,6,4,6,3,98,0.3281269286738339,0.05863041418096353,0.17868211675867535,-0.1637023278133524,-0.19710473176895904,-0.03936124223888025,0.1996970944615295,-0.3218273818638052,0.5252316604427929,1.6006966041025112,True
0.9,1,15,0.2,6,0.3,4,10,8,10,3,78,0.6749888190351793,0.13643784218811053,0.2021334847933231,-0.14836559761913126,0.17014480430842693,0.030731968561996774,0.1806224332674182,-0.1911925540024858,0.5048440147267523,0.747929447851255,True
0.9,1,15,0.2,6,0.4,4,9,7,9,3,92,0.659041994195205,0.13215125234032246,0.2005202301284308,-0.14663235548976655,0.15905866919902983,0.028455641179826234,0.17890028454984583,-0.1865934215245493,0.4999833249961752,0.7586516935187632,True
0.9,1,15,0.2,6,0.5,4,8,6,8,3,118,0.35873584375275086,0.06573339105457897,0.18323619509815128,-0.1588376846146877,0.15883719822786482,0.02609355683424734,0.16427862695496567,-0.19841668463718568,0.19989864552488604,0.5572307562961588,True
0.9,1,15,0.2,8,0.3,4,11,9,11,3,79,0.37891312217037276,0.08030354300650505,0.21193128004259967,-0.2207181020261677,0.046401183385928045,0.007940940224437832,0.1711365884441227,-0.18232853703571605,0.33251193878444474,0.8775413658937248,True
0.9,1,15,0.2,8,0.4,4,12,10,12,3,93,0.5748344992747705,0.1141423411424616,0.19856557198022598,-0.15379665284894425,0.03331817702129635,0.005706105714533574,0.1712610420097816,-0.18702406506025462,0.5415163222534741,0.9420386614524152,True
0.9,1,15,0.2,8,0.5,4,12,10,12,3,114,0.6463612760119375,0.12262088375563138,0.189709514332611,-0.1473814833304104,0.12364897274314562,0.020817425463701453,0.16835906519777738,-0.1781947296599368,0.5227123032687919,0.8086999061793084,True
0.9,1,15,0.2,10,0.3,4,14,10,14,3,21,0.9027860767830533,0.17510453192011957,0.1939601600238221,-0.20175705625781548,0.9891841057973393,0.1580381484327058,0.1597661623417594,-0.16274357661561353,-0.08639802901428595,0.09570155237900073,True
0.9,1,15,0.2,10,0.4,4,14,11,14,3,69,0.6703632388597056,0.14743507224783695,0.21993311044117728,-0.1760370410689464,0.6739037025557468,0.1267577971953387,0.1880948223234506,-0.22062097271808223,-0.0035404636960412184,0.005281410869223052,True
0.9,1,15,0.2,10,0.5,4,14,12,14,3,69,0.41434789744280526,0.08864345308652527,0.2139348446887225,-0.21482266948508258,0.08120086272876116,0.014177678781086151,0.17460010035169798,-0.18748583033134403,0.3331470347140441,0.8040273325147747,True
0.9,1,20,0.1,4,0.3,4,6,4,6,3,80,0.571038514338082,0.10363541116609816,0.18148585176645557,-0.1515171006719708,0.2736621847559195,0.044784354142178996,0.1636483103506696,-0.18164933258248364,0.2973763295821624,0.5207640502617683,True
0.9,1,20,0.1,4,0.4,4,6,4,6,3,101,0.5795827825533375,0.10415515275533846,0.1797071201744219,-0.152464755649847,0.24919644840816632,0.040200444804402796,0.16132029594000186,-0.17607964625215436,0.33038633414517116,0.5700416646085696,True
0.9,1,20,0.1,4,0.5,4,7,5,7,3,16,0.6584025702925025,0.12130321064678469,0.1842386650964841,-0.15082845322884433,-0.2928495730445309,-0.059845693803738866,0.2043564318075297,-0.34035925691447144,0.9512521433370333,1.444788016113651,True
0.9,1,20,0.1,6,0.3,4,9,7,9,3,15,0.6653736366605691,0.12253645465673169,0.18416187222524705,-0.1517836769085767,-0.27807538940050347,-0.056997947400766455,0.2049730021906903,-0.34109637976825374,0.9434490260610726,1.41792366586108,True
0.9,1,20,0.1,6,0.4,4,9,7,9,3,15,0.6653736366605691,0.12253645465673169,0.18416187222524705,-0.1517836769085767,-0.27807538940050347,-0.056997947400766455,0.2049730021906903,-0.34109637976825374,0.9434490260610726,1.41792366586108,True
0.9,1,20,0.1,6,0.5,4,9,7,9,3,17,0.6515509374911262,0.11999469445088043,0.18416778726914915,-0.15270176112150258,-0.28363693200494405,-0.05767936202495876,0.2033563175896761,-0.3355763135363156,0.9351878694960702,1.4353257983130552,True
0.9,1,20,0.1,8,0.3,4,12,10,12,3,14,0.8107326583533054,0.17564177176159726,0.21664573389500136,-0.18830555333369317,0.06388782698080421,0.011974602287788627,0.1874316728816982,-0.22253622895523123,0.7468448313725012,0.9211974177646082,True
0.9,1,20,0.1,8,0.4,4,11,9,11,3,15,0.8064692616706789,0.17433325556569304,0.21616850616791627,-0.18772025722874974,0.07626002270982633,0.014140934066568692,0.18543049902274145,-0.21772527510814424,0.7302092389608525,0.905439641243305,True
0.9,1,20,0.1,8,0.5,4,12,10,12,3,17,0.7600415154225013,0.1650544506085891,0.2171650459341508,-0.18935528974976643,0.08284841965748405,0.015340543352991747,0.1851639828063512,-0.20795516643577427,0.6771930957650173,0.8909948759688091,True
0.9,1,20,0.1,10,0.3,4,12,9,12,3,44,0.5675773714969354,0.11082337267318157,0.19525685525639377,-0.155856678877641,0.2566005184723263,0.045115049511884726,0.1758182320927394,-0.2161984548371329,0.31097685302460915,0.5479021339494826,True
0.9,1,20,0.1,10,0.4,4,14,12,14,3,52,0.5479587672091216,0.10599786274131726,0.19344131180013494,-0.15684440144387363,0.32177418876046876,0.0555081522703917,0.17250654095102827,-0.19610295220743826,0.22618457844865286,0.4127766393823066,True
0.9,1,20,0.1,10,0.5,4,17,14,17,3,15,0.8495363174145161,0.19883534902151156,0.23405161727122892,-0.18075323295363607,-0.15102378603761807,-0.02844657044724538,0.18835821292521238,-0.24379958148643005,1.000560103452134,1.1777720186198097,True
0.9,1,20,0.2,4,0.3,4,8,5,8,3,14,0.8033334196247012,0.15584770892690347,0.19400127658041655,-0.14333638922839798,-0.26262619641238044,-0.05692376609993136,0.2167482409506043,-0.3624285966236128,1.0659596160370817,1.3269205413302405,True
0.9,1,20,0.2,4,0.4,4,7,5,7,3,15,0.8085549950054836,0.15652504454403374,0.1935861450500002,-0.1451376573398458,-0.35729820032344567,-0.07634268358728424,0.21366657743636747,-0.37071745416025703,1.1658531953289293,1.4418972148221316,True
0.9,1,20,0.2,4,0.5,4,6,4,6,3,139,0.2751759967356834,0.050144298254216166,0.18222628008641903,-0.1747040377446751,-0.14160650830142743,-0.02837611898496195,0.20038711020654346,-0.3209882383858459,0.4167825050371108,1.5146034173810794,True
0.9,1,20,0.2,6,0.3,4,9,5,9,3,124,0.552533803593674,0.10430649541843998,0.18877848692701085,-0.16482184019835266,0.1473883456001104,0.023396121465507617,0.15873793392718624,-0.2127821125245402,0.4051454579935636,0.7332500841731345,True
0.9,1,20,0.2,6,0.4,4,9,5,9,3,141,0.5511226772177138,0.10319104544916699,0.18723788679884554,-0.1610833994433516,0.22071573822414117,0.03511041435236122,0.15907526411508502,-0.2065442750555238,0.33040693899357265,0.5995161379705842,True
0.9,1,20,0.2,6,0.5,4,9,6,9,3,195,0.3581030105964023,0.06480280073795776,0.18096134023009747,-0.17683799739738357,0.23455635745770229,0.03665475831474508,0.1562727129293652,-0.2082662485928849,0.12354665313870003,0.345003112185344,True
0.9,1,20,0.2,8,0.3,4,15,10,15,3,15,0.9659462890274979,0.22452039693746473,0.23243569491167976,-0.19360109812074938,0.022735373781815227,0.004874418675825313,0.21439800034095294,-0.2867332828139223,0.9432109152456827,0.9764631076902787,True
0.9,1,20,0.2,8,0.4,4,15,10,15,3,21,0.9083068786803434,0.2683619219414515,0.29545292261944317,-0.2752447530572231,0.2672440249771158,0.065407393781546,0.24474782471618164,-0.35306290780690536,0.6410628537032277,0.7057778254796573,True
0.9,1,20,0.2,8,0.5,4,14,9,14,3,25,0.9113928894176132,0.206350156282805,0.22641185670722566,-0.19703136400332974,0.0033263702650182378,0.0006428572134221066,0.1932608706200607,-0.2572168735541634,0.908066519152595,0.9963502345655298,True
0.9,1,20,0.2,10,0.3,4,15,9,15,3,22,0.9190749153430258,0.20510907022707725,0.22316904400608575,-0.1912185671076276,0.057684333153185476,0.010981292221516697,0.1903687122871816,-0.24408765466925528,0.8613905821898403,0.9372365275232695,True
0.9,1,20,0.2,10,0.4,4,16,10,16,3,24,0.9093323576004637,0.20795482246311722,0.2286895662790073,-0.19035973942537182,-0.11872849233707035,-0.02282713970644733,0.19226336709170913,-0.27163026131432594,1.028060849937534,1.130566663931733,True
0.9,1,20,0.2,10,0.5,4,16,10,16,3,25,0.9106038714820786,0.2082481205052127,0.22869232937289485,-0.19051393398519365,-0.10971387813780327,-0.021088655619671732,0.19221502309109767,-0.2695034930818475,1.0203177496198819,1.1204847481696245,True
0.9,2,10,0.1,4,0.3,4,18,14,18,3,56,0.516381600666,0.11788531467312148,0.22829108264330025,-0.1803503201371819,0.6805339041881765,0.11910723715788729,0.17502028396362246,-0.1772147151690963,-0.16415230352217647,0.31788952842328627,True
0.9,2,10,0.1,4,0.4,4,21,18,21,3,28,1.0074813408625969,0.2542034028595683,0.25231574278281077,-0.24673904248248033,0.6644754774286326,0.14711654689521492,0.22140252257994855,-0.29974210240541765,0.34300586343396433,0.34045877528638463,True
0.9,2,10,0.1,4,0.5,4,24,21,24,3,12,0.8049493909290509,0.2603307309652709,0.32341254481204607,-0.289551313380559,-0.013110962196661647,-0.0032316034012604515,0.24648102502219799,-0.35485068406011677,0.8180603531257126,1.0162879335575734,True
0.9,2,10,0.1,6,0.3,4,39,33,39,3,26,0.9002520797054097,0.2141131060973121,0.23783683584199722,-0.23125542088778422,0.7016511615567296,0.13492180533532866,0.19229185773167146,-0.21416396337686114,0.19860091814868008,0.2206058976433228,True
0.9,2,10,0.1,6,0.4,4,44,37,44,3,32,0.9228163017181694,0.21892569868208048,0.2372364882094822,-0.22929244511447705,0.6783864832161889,0.12936369318318292,0.1906932056928339,-0.2104557372251954,0.24442981850198053,0.26487375444807654,True
0.9,2,10,0.1,6,0.5,4,44,40,44,3,40,0.7205506203117842,0.1553966927877219,0.2156638109901027,-0.20177978295875887,0.6682897924278501,0.10922590668925346,0.16344093225252382,-0.16394770371204126,0.05226082788393405,0.07252901657529716,True
0.9,2,10,0.1,8,0.3,4,50,42,50,3,16,0.8621476479395872,0.2115271795837513,0.24534913490661583,-0.19834476452788583,0.11040246835598479,0.02192740638798826,0.19861337082867497,-0.2563529109574407,0.7517451795836024,0.8719448245090835,True
0.9,2,10,0.1,8,0.4,4,52,47,52,3,37,0.7151672730752849,0.1375143628639157,0.1922827959850446,-0.1873696554321383,0.7451023091454537,0.11438582012259613,0.15351693145842407,-0.15135654489454192,-0.029935036070168786,0.04185739084710264,True
0.9,2,10,0.1,8,0.5,4,62,56,62,3,30,0.7300056218446014,0.1728195070276773,0.23673722757229113,-0.21990602671235607,0.5544358033542925,0.097447308332496,0.17575940756882497,-0.17018374133744862,0.17556981849030884,0.2405047485068313,True
0.9,2,10,0.1,10,0.3,4,68,55,68,3,19,0.7707610244958581,0.18193271035753436,0.23604295569633077,-0.24487622960151476,0.5366064117135088,0.09652776656823227,0.17988560043477064,-0.17491374366601342,0.2341546127823494,0.303796644278304,True
0.9,2,10,0.1,10,0.4,4,76,65,76,3,19,0.8388582555512786,0.19275236344758054,0.22977942002955917,-0.21783702009384018,0.5675843894839001,0.09781805339711773,0.17234098613258708,-0.15376164395110326,0.27127386606737847,0.3233846293723407,True
0.9,2,10,0.1,10,0.5,4,84,76,84,3,18,0.9020243565374272,0.2622984831965199,0.2907886924510519,-0.27250697014991127,0.3273072306859141,0.07479018926836871,0.228501488071731,-0.2751651179316694,0.5747171258515131,0.6371414714982441,True
0.9,2,10,0.2,4,0.3,4,22,17,22,3,14,0.8681351738918694,0.21990181247752166,0.25330365488095236,-0.21663169570391566,0.6355709820370053,0.12128195718128433,0.19082362255208002,-0.21693623632524994,0.2325641918548641,0.2678893781163982,True
0.9,2,10,0.2,4,0.4,4,22,17,22,3,16,0.789199980586869,0.1493443651410626,0.18923513534555128,-0.14861549035637375,0.9447977096046153,0.1422063267947752,0.15051510534915097,-0.12715785375362113,-0.15559772901774627,0.19715880999140403,True
0.9,2,10,0.2,4,0.5,4,23,20,23,3,14,0.30516261768226066,0.054999933999888305,0.18023155790711876,-0.15286319016593738,-0.11894421551614608,-0.02623008322843659,0.2205242441981215,-0.35925355427909256,0.42410683319840675,1.3897732180289277,True
0.9,2,10,0.2,6,0.3,4,43,33,43,3,23,0.7434097155519396,0.16322793686478876,0.21956659087190064,-0.22349428963247525,0.46378571659622575,0.07929393239886688,0.17097105314241617,-0.18070658644898763,0.2796239989557138,0.3761371328704103,True
0.9,2,10,0.2,6,0.4,4,45,39,45,3,20,0.9474487193848146,0.28133568010241605,0.2969402716435032,-0.28102425261386704,0.33624065131515524,0.08218824300910443,0.24443279742540755,-0.34491798609129876,0.6112080680696593,0.6451093927980833,True
0.9,2,10,0.2,6,0.5,4,47,43,47,3,5,0.9849495260251473,0.32071763436568124,0.32561834478967283,-0.2973643625372713,0.3655731663673183,0.10580091919979234,0.2894110644146304,-0.4323569455909465,0.619376359657829,0.6288407104040937,True
0.9,2,10,0.2,8,0.3,4,63,54,63,3,18,0.8457119178725688,0.24527910341396617,0.2900267788953219,-0.29928024405585224,0.4083308456613755,0.09408273825095649,0.2304081096263257,-0.2483394566913339,0.4373810722111933,0.5171750131078294,True
0.9,2,10,0.2,8,0.4,4,64,55,64,3,18,0.8377465558247754,0.2504208925768688,0.29892201983489536,-0.2980711353541865,0.27179492706510244,0.06424385970397885,0.2363688697125339,-0.28242619950618303,0.565951628759673,0.6755642560684528,True
0.9,2,10,0.2,8,0.5,4,69,59,69,3,18,0.8671190068675053,0.2514335621459674,0.28996430726882466,-0.270113728000783,0.3357486728095048,0.07584004876964201,0.22588339109436095,-0.2718521024377437,0.5313703340580005,0.6127997770197571,True
0.9,2,10,0.2,10,0.3,4,70,56,70,3,14,0.9453546485554621,0.21518332752369662,0.22762180082628772,-0.26050729068553347,0.7843662552225834,0.14905394174094933,0.19003104831256612,-0.18967819886521148,0.16098839333287873,0.17029417856978343,True
0.9,2,10,0.2,10,0.4,4,82,69,82,3,18,0.8466038463051017,0.2514290130100634,0.2969854367038307,-0.2970440841221335,0.29184489710118855,0.06832505384785868,0.23411426592176804,-0.27361144204763826,0.5547589492039131,0.6552757250337219,True
0.9,2,10,0.2,10,0.5,4,105,92,105,3,8,0.9649999264920427,0.305726339388889,0.31681488360342375,-0.2848876978645829,0.2658903727634575,0.06846334401930432,0.2574871113525083,-0.3746512022718387,0.6991095537285852,0.7244659139716007,True
0.9,2,15,0.1,4,0.3,4,18,15,18,3,47,0.4228883049022409,0.08453206890022673,0.19989218883640683,-0.1872748946232068,0.9392004982372318,0.1455610883149791,0.15498404077529776,-0.15719298759365716,-0.516312193334991,1.2209185909133782,True
0.9,2,15,0.1,4,0.4,4,19,16,19,3,56,0.30625597607991717,0.0620566350289748,0.20262995623236815,-0.21443483215319908,1.1347195021574352,0.19104452047508,0.16836277169101987,-0.19526611011065567,-0.828463526077518,2.7051342366665567,True
0.9,2,15,0.1,4,0.5,4,21,18,21,3,79,0.2241888050873342,0.04215772944932717,0.18804564943777793,-0.18975088550423194,0.5620196549804765,0.09248509559514918,0.16455847188896258,-0.18765668246627254,-0.33783084989314227,1.5069032985903916,True
0.9,2,15,0.1,6,0.3,4,43,36,43,3,14,0.7661291174504509,0.23891198172682226,0.3118429730511761,-0.2729625910184865,0.062333417069005366,0.01425010451978343,0.22861099535114598,-0.2515196132983978,0.7037957003814455,0.9186384962414161,True
0.9,2,15,0.1,6,0.4,4,43,36,43,3,15,0.7299723504076839,0.2214736239194106,0.3034000175427457,-0.2709258130979951,0.10286124728800641,0.02306927607896003,0.2242756790063725,-0.23826839509690367,0.6271111031196775,0.8590888446246503,True
0.9,2,15,0.1,6,0.5,4,47,41,47,3,20,0.6973309925119383,0.16891188726560183,0.24222627285952741,-0.21669168146990636,0.6056543140106208,0.10827315860462873,0.1787705562396606,-0.17025103198056435,0.09167667850131755,0.1314679535052331,True
0.9,2,15,0.1,8,0.3,4,58,50,58,3,24,0.818877295027688,0.17054733505091058,0.2082697079116646,-0.17244714202650097,0.33344340938883377,0.058115839769116565,0.17428996385214723,-0.22686330808553162,0.48543388563885426,0.5928041827346558,True
0.9,2,15,0.1,8,0.4,4,67,61,67,3,14,0.646375000281515,0.2023297796066049,0.3130222850798444,-0.33080926937700694,0.21349794119861398,0.05210094495477544,0.24403488231442336,-0.27449444373849285,0.432877059082901,0.6696995689721454,True
0.9,2,15,0.1,8,0.5,4,75,69,75,3,15,0.7453454255942777,0.18541297290145745,0.24876113347529333,-0.2745274229141147,0.4571214840856912,0.09079588869997415,0.1986252929712525,-0.22461510142473332,0.28822394150858655,0.386698477794749,True
0.9,2,15,0.1,10,0.3,4,68,55,68,3,18,0.7296276483625358,0.19006216427032296,0.26049199848288274,-0.2693082012773194,0.034831405094655245,0.0077815690558870835,0.2234066938942161,-0.26460999719736245,0.6947962432678806,0.9522613963809822,True
0.9,2,15,0.1,10,0.4,4,76,65,76,3,14,0.7040076629098828,0.2121119895359294,0.3012921601722409,-0.2764660110049092,0.09539133640653388,0.021415687712735484,0.22450348762771505,-0.23212260129565365,0.608616326503349,0.8645024174704977,True
0.9,2,15,0.1,10,0.5,4,96,87,96,3,18,0.8442379324580079,0.2080997573881368,0.24649420428462873,-0.2012456819366053,0.11377547841197544,0.022742863306483226,0.1998924867108221,-0.258664309402523,0.7304624540460325,0.8652329230449088,True
0.9,2,15,0.2,4,0.3,4,20,16,20,3,21,0.8819853014629309,0.20087948745325254,0.22775831651622525,-0.20763183927275433,-0.043614551381233685,-0.008562722853204426,0.19632720232194717,-0.2585409735434524,0.9255998528441646,1.0494504288324207,True
0.9,2,15,0.2,4,0.4,4,20,18,20,3,37,0.8246996072614311,0.169509343047858,0.20554071028449425,-0.17498965693219198,0.25669711259615674,0.0480813059358369,0.18730754487090703,-0.20781269867127974,0.5680024946652744,0.6887386506117453,True
0.9,2,15,0.2,4,0.5,4,21,19,21,3,84,0.34419540700050716,0.06433316421095653,0.18690883986973636,-0.18314825532330067,0.37769675433992994,0.06271598237408968,0.16604850757506065,-0.21536456495703718,-0.03350134733942278,0.0973323485963118,True
0.9,2,15,0.2,6,0.3,4,41,34,41,3,22,0.7838459924153569,0.18207743704101223,0.23228725898049896,-0.18847804459837228,-0.15878002392694454,-0.029104837324426452,0.1833028904052674,-0.2671327137142645,0.9426260163423015,1.2025653323016643,True
0.9,2,15,0.2,6,0.4,4,39,33,39,3,31,0.7496634258772431,0.1600982154784343,0.2135601257205394,-0.17427956087575514,-0.22747505653276318,-0.039781758404948346,0.1748840466788436,-0.26702858125648715,0.9771384824100062,1.3034362470952559,True
0.9,2,15,0.2,6,0.5,4,40,35,40,3,28,0.5928805973750298,0.10699504691015581,0.1804664335177687,-0.14668143475857062,-0.2168681650455603,-0.04523993663584571,0.208605705804453,-0.359032769142734,0.8097487624205901,1.3657872529574098,True
0.9,2,15,0.2,8,0.3,4,56,45,56,3,15,0.6851909090489988,0.19862279503509286,0.2898794954982234,-0.29437474790061047,0.3784961653572548,0.08284266231209111,0.2188731878799819,-0.22289405338135362,0.30669474369174404,0.44760480567002375,True
0.9,2,15,0.2,8,0.4,4,60,52,60,3,15,0.826027829062651,0.24661083178892856,0.2985502704779019,-0.3044608557639174,0.30122212505241414,0.07128329913527742,0.23664695653705312,-0.254629216788788,0.524805704010237,0.635336589816555,True
0.9,2,15,0.2,8,0.5,4,72,64,72,3,10,1.038713547537155,0.19802712126891828,0.19064651822290285,-0.12739345506959168,0.1253110797190913,0.023067967502356835,0.18408561760115774,-0.26496773478824237,0.9134024678180637,0.8793593479008621,True
0.9,2,15,0.2,10,0.3,4,67,54,67,3,19,0.7207390491233464,0.16145809547267867,0.22401741055804364,-0.1900811237051725,-0.09801894921802139,-0.017920471436771813,0.18282660220027155,-0.2591322878664641,0.8187579983413678,1.135997833525524,True
0.9,2,15,0.2,10,0.4,4,82,74,82,3,18,0.6771075306664553,0.12480232903307194,0.18431685276079116,-0.1557432466684274,-0.17240291753928805,-0.030802778135968337,0.17866738321843564,-0.27613567058096344,0.8495104482057434,1.2546167480512251,True
0.9,2,15,0.2,10,0.5,4,90,83,90,3,14,0.7520882036233948,0.19539507650121227,0.2598034054514377,-0.2398718464082154,0.6237395237126188,0.12900366390477305,0.20682297497666685,-0.22501244704200304,0.12834867991077603,0.17065641940987833,True
0.9,2,20,0.1,4,0.3,4,22,19,22,3,60,0.4375730520144857,0.09783243543710975,0.2235796628396372,-0.20476536852266788,0.7872371235551906,0.1417677888663326,0.1800827026882374,-0.19831516969491986,-0.3496640715407049,0.7990987331850805,True
0.9,2,20,0.1,4,0.4,4,22,20,22,3,74,0.2732121196683624,0.0583715467458579,0.2136491851705261,-0.21023025063591405,1.1328331219123713,0.19800546752327744,0.17478785153193452,-0.21115163841323598,-0.859621002244009,3.1463501812710835,True
0.9,2,20,0.1,4,0.5,4,20,18,20,3,97,0.24077578779410316,0.05031522242230887,0.2089712710870056,-0.21539291009016218,0.8613441652446027,0.1513085109740639,0.17566556677271464,-0.21665939810578344,-0.6205683774504995,2.577370354120373,True
0.9,2,20,0.1,6,0.3,4,40,34,40,3,28,0.7883239001662841,0.18377132006033042,0.23311651469854822,-0.21696326482503892,0.3804414084892728,0.06839183207983417,0.1797696847759478,-0.17428741532317615,0.40788249167701124,0.5174047007720749,True
0.9,2,20,0.1,6,0.4,4,40,37,40,3,51,0.6547524549909194,0.13833328122576138,0.21127569690086903,-0.19273638542049892,0.6060495896550506,0.10295371806604438,0.16987672266991097,-0.18131836909385018,0.04870286533586876,0.07438363150015866,True
0.9,2,20,0.1,6,0.5,4,45,41,45,3,76,0.4280231385744748,0.0875536097756798,0.20455345023466698,-0.2120751803339926,1.2413763337184036,0.2033927377809549,0.1638445427517655,-0.20463560378627194,-0.8133531951439288,1.9002552008117841,True
0.9,2,20,0.1,8,0.3,4,62,54,62,3,17,0.8778387954624505,0.21387703341652023,0.2436404434641654,-0.19594632080122262,0.15426464803795048,0.03082067582171662,0.1997909191361488,-0.26142698206953174,0.7235741474245,0.8242676800850628,True
0.9,2,20,0.1,8,0.4,4,67,61,67,3,17,0.8455384123657723,0.2401488754618356,0.28401888305690526,-0.2650219862202519,0.3653029670597601,0.07929495926230226,0.21706628856734786,-0.2221970582797261,0.4802354453060122,0.5679640786068353,True
0.9,2,20,0.1,8,0.5,4,71,67,71,3,22,0.6625345337537156,0.16868008276631402,0.25459817439345367,-0.2414167416037634,0.585810419816748,0.11950797398587934,0.2040045208196597,-0.21219618073686913,0.07672411393696765,0.1158039468558304,True
0.9,2,20,0.1,10,0.3,4,71,58,71,3,17,0.7493385852392727,0.20498911060373107,0.2735600630231468,-0.2585898749767983,0.5183285045563848,0.1067426609923683,0.2059363126936744,-0.2035281742631908,0.23101008068288786,0.30828531351968697,True
0.9,2,20,0.1,10,0.4,4,88,79,88,3,19,0.8609403713875106,0.25488200508603176,0.2960507063633899,-0.2833143080007814,0.27569145116086174,0.06453780940214097,0.23409434398632895,-0.2961298065408667,0.5852489202266489,0.6797786927838554,True
0.9,2,20,0.1,10,0.5,4,97,91,97,3,17,0.7709217982050245,0.23911860096002205,0.31017231775878407,-0.3005221784642167,0.08724883597237947,0.02089362748035495,0.23947170466514062,-0.2777883717787601,0.6836729622326451,0.8868253094211044,True
0.9,2,20,0.2,4,0.3,4,19,15,19,3,31,0.6905552873859881,0.1547739783556122,0.22412974193781068,-0.19929605038988668,0.282421246200381,0.05109945119955078,0.18093345273073103,-0.2427779888773065,0.40813404118560714,0.5910229762059287,True
0.9,2,20,0.2,4,0.4,4,19,17,19,3,49,0.5338345857158356,0.11863211717343536,0.22222636065132012,-0.19917997384977623,0.32072564270323667,0.05201459712044545,0.1621778560705041,-0.1687279950406028,0.21310894301259897,0.3992040769086448,True
0.9,2,20,0.2,4,0.5,4,20,18,20,3,78,0.6627930538863456,0.11822177663483986,0.17836906398103608,-0.15818870984282585,0.14177947151193454,0.022386847862120363,0.15789907821906296,-0.230412301552807,0.5210135823744111,0.7860878736121357,True
0.9,2,20,0.2,6,0.3,4,40,36,40,3,22,0.8100479953290971,0.18575156160295855,0.22930932818060185,-0.20610513541546202,0.4815391532121502,0.0828473255287736,0.17204691451594967,-0.15770396675290696,0.3285088421169469,0.4055424419431889,True
0.9,2,20,0.2,6,0.4,4,41,39,41,3,51,0.7541101582354821,0.18530124531576367,0.24572172021836178,-0.22764515821091932,0.2932657692566428,0.054958641923826386,0.18740217129033893,-0.19202352210617066,0.4608443889788393,0.6111101726267076,True
0.9,2,20,0.2,6,0.5,4,46,43,46,3,19,0.8471114533293704,0.20726128365521584,0.24466825804399714,-0.20053366015046445,0.1532656814265224,0.03016512323681994,0.196815901355461,-0.24996896434162932,0.693845771902848,0.8190725897706281,True
0.9,2,20,0.2,8,0.3,4,59,50,59,3,16,0.7427016891377305,0.19865598836909898,0.2674774963818066,-0.24004240860925524,0.5953857391194696,0.11795046044060087,0.19810763458164227,-0.19016302194053591,0.14731595001826092,0.19835144065619847,True
0.9,2,20,0.2,8,0.4,4,67,63,67,3,17,0.745509779252089,0.22211965012339527,0.29794330846502154,-0.2752209669734006,0.18441515962591684,0.040605781219023036,0.22018678562755473,-0.21855636444971607,0.5610946196261722,0.7526321387615788,True
0.9,2,20,0.2,8,0.5,4,70,66,70,3,11,0.8234376069765935,0.1904229771910932,0.23125368039755564,-0.21610034583250753,0.5424476619941035,0.09536748554106467,0.1758095614063156,-0.15583448703817795,0.28098994498248997,0.3412401165574615,True
0.9,2,20,0.2,10,0.3,4,72,60,72,3,20,0.858889767010366,0.2041381862829407,0.23767681735632665,-0.20980819677416773,0.5034993940269815,0.08921004615979561,0.1771800467251705,-0.1580103290348398,0.3553903729833845,0.4137787951769779,True
0.9,2,20,0.2,10,0.4,4,76,69,76,3,20,0.810612890196924,0.18523509868301302,0.22851240206408938,-0.2084452942576704,0.5805377930877917,0.10008865313783114,0.1724067826927768,-0.1539080307581052,0.2300750971091322,0.2838285695817637,True
0.9,2,20,0.2,10,0.5,4,96,91,96,3,15,0.7420455472695291,0.219944814990498,0.29640338898308716,-0.26586368216631606,0.20387885195694305,0.044301408653720814,0.21729281006093157,-0.206875542824822,0.5381666953125861,0.725247523272464,True
